,25-Sep-09,,,,,
,Date,Venue,Event,City,Day,Category
0,25-Sep-09,11th Frame Bar,Karaoke,Madison,Friday,Live Music
1,26-Sep-09,11th Frame Bar,Karaoke,Madison,Saturday,Karaoke
7,2-Oct-09,11th Frame Bar,Karaoke,Madison,Friday,Karaoke
8,3-Oct-09,11th Frame Bar,Karaoke,Madison,Saturday,Karaoke
14,9-Oct-09,11th Frame Bar,Karaoke,Madison,Friday,Karaoke
15,10-Oct-09,11th Frame Bar,Karaoke,Madison,Saturday,Karaoke
21,16-Oct-09,11th Frame Bar,Karaoke,Madison,Friday,Karaoke
22,17-Oct-09,11th Frame Bar,Karaoke,Madison,Saturday,Karaoke
5,30-Sep-09,3rd Base Grill/ S Pkwy,David Anderson 9 p.m.-1 a.m.,Huntsville,Wednesday,Live Music
6,1-Oct-09,3rd Base Grill/ S Pkwy,Donnie Cox,Huntsville,Thursday,Live Music
12,7-Oct-09,3rd Base Grill/ S Pkwy,David Anderson 9 p.m.-1 a.m.,Huntsville,Wednesday,Live Music
13,8-Oct-09,3rd Base Grill/ S Pkwy,Donnie Cox,Huntsville,Thursday,Live Music
19,14-Oct-09,"3rd Base Grill/ S Pkwy",David Anderson 9 p.m.-1 a.m.,Huntsville,Wednesday,Live Music
20,15-Oct-09,"3rd Base Grill/ S Pkwy",Donnie Cox,Huntsville,Thursday,Live Music
0,25-Sep-09,801 Franklin ,Ken Watters,Huntsville,Friday,Live Music
7,2-Oct-09,801 Franklin ,Live Music,Huntsville,Friday,Live Music
8,3-Oct-09,801 Franklin ,Live Music,Huntsville,Saturday,Live Music
14,9-Oct-09,801 Franklin ,Live Music,Huntsville,Friday,Live Music
15,10-Oct-09,801 Franklin ,Live Music,Huntsville,Saturday,Live Music
-1,24-Sep-09,"Bandito Burrito Southside",Dave Anderson,Huntsville,Thursday,Live Music
0,25-Sep-09,Bandito Burrito Southside,Shametown,Huntsville,Friday,Live Music
1,26-Sep-09,Bandito Burrito Southside,Dave Anderson,Huntsville,Saturday,Live Music
2,27-Sep-09,Bandito Burrito Southside,Neeve and Backporch Friends,Huntsville,Sunday,Live Music
4,29-Sep-09,Bandito Burrito Southside,Marge,Huntsville,Tuesday,Live Music
5,30-Sep-09,Bandito Burrito Southside,"Microwave Dave, solo (6-9)",Huntsville,Wednesday,Live Music
6,1-Oct-09,Bandito Burrito Southside,Dave Anderson,Huntsville,Thursday,Live Music
7,2-Oct-09,Bandito Burrito Southside,Lisa Busler,Huntsville,Friday,Live Music
8,3-Oct-09,Bandito Burrito Southside,Dave Anderson,Huntsville,Saturday,Live Music
9,4-Oct-09,Bandito Burrito Southside,Neeve and Backporch Friends,Huntsville,Sunday,Live Music
11,6-Oct-09,Bandito Burrito Southside,Marge,Huntsville,Tuesday,Live Music
12,7-Oct-09,Bandito Burrito Southside,"Microwave Dave, solo (6-9)",Huntsville,Wednesday,Live Music
13,8-Oct-09,Bandito Burrito Southside,Dave Anderson,Huntsville,Thursday,Live Music
14,9-Oct-09,Bandito Burrito Southside,Shametown,Huntsville,Friday,Live Music
15,10-Oct-09,Bandito Burrito Southside,Dave Anderson,Huntsville,Saturday,Live Music
16,11-Oct-09,Bandito Burrito Southside,Neeve and Backporch Friends,Huntsville,Sunday,Live Music
18,13-Oct-09,Bandito Burrito Southside,Marge,Huntsville,Tuesday,Live Music
19,14-Oct-09,Bandito Burrito Southside,"Microwave Dave, solo (6-9)",Huntsville,Wednesday,Live Music
20,15-Oct-09,Bandito Burrito Southside,Dave Anderson,Huntsville,Thursday,Live Music
21,16-Oct-09,Bandito Burrito Southside,Andrea and Bobby,Huntsville,Friday,Live Music
22,17-Oct-09,Bandito Burrito Southside,Dave Anderson,Huntsville,Saturday,Live Music
23,18-Oct-09,Bandito Burrito Southside,Neeve and Backporch Friends,Huntsville,Sunday,Live Music
-1,24-Sep-09,,Karaoke,Huntsville,Thursday,Karaoke
0,25-Sep-09,Benchwarmer,Live Music,Huntsville,Friday,Live Music
1,26-Sep-09,Benchwarmer,Live Music,Huntsville,Saturday,Live Music
6,1-Oct-09,Benchwarmer,Karaoke,Huntsville,Thursday,Karaoke
8,3-Oct-09,Benchwarmer,Live Music,Huntsville,Saturday,Karaoke
13,8-Oct-09,Benchwarmer,Karaoke,Huntsville,Thursday,Karaoke
20,15-Oct-09,Benchwarmer,Karaoke,Huntsville,Thursday,Karaoke
1,26-Sep-09,Benchwarmer,Live Music,Huntsville,Saturday,DJ
8,3-Oct-09,Benchwarmer,Live Music,Huntsville,Saturday,Live Music
15,10-Oct-09,Benchwarmer,Live Music,Huntsville,Saturday,Live Music
22,17-Oct-09,Benchwarmer,Live Music,Huntsville,Saturday,Live Music
0,25-Sep-09,"Black Water Hattie's",Tin Penny,Huntsville,Friday,Live Music
1,26-Sep-09,Black Water Hattie's,Shannon Slade,Huntsville,Saturday,Live Music
2,27-Sep-09,Black Water Hattie's,Southstreet,Huntsville,Sunday,Live Music
3,28-Sep-09,Black Water Hattie's,Karaoke w/ Howie,Huntsville,Monday,Live Music
5,30-Sep-09,Black Water Hattie's,Team Trivia w/ Open Mic Night,Huntsville,Wednesday,Live Music
7,2-Oct-09,Black Water Hattie's,Sidewinder,Huntsville,Friday,Live Music
8,3-Oct-09,Black Water Hattie's,Ricky Carden,Huntsville,Saturday,Live Music
9,4-Oct-09,Black Water Hattie's,Live Wire,Huntsville,Sunday,Live Music
10,5-Oct-09,Black Water Hattie's,Karaoke w/ Howie,Huntsville,Monday,Live Music
12,7-Oct-09,Black Water Hattie's,Team Trivia w/ Open Mic Night,Huntsville,Wednesday,Live Music
14,9-Oct-09,Black Water Hattie's,South Street,Huntsville,Friday,Live Music
15,10-Oct-09,Black Water Hattie's,Preston Grammer,Huntsville,Saturday,Live Music
16,11-Oct-09,Black Water Hattie's,La Grange,Huntsville,Sunday,Live Music
17,12-Oct-09,Black Water Hattie's,Karaoke w/ Howie,Huntsville,Monday,Live Music
19,14-Oct-09,Black Water Hattie's,Team Trivia w/ Open Mic Night,Huntsville,Wednesday,Live Music
20,15-Oct-09,Black Water Hattie's,Shannon Slade,Huntsville,Thursday,Live Music
21,16-Oct-09,Black Water Hattie's,Four Door Ramblers,Huntsville,Friday,Live Music
22,17-Oct-09,Black Water Hattie's,Rob Aldridge,Huntsville,Saturday,Live Music
23,18-Oct-09,Black Water Hattie's,Fat Momma,Huntsville,Saturday,Live Music
-1,24-Sep-09,,Karaoke,Guntersville,Thursday,Karaoke
0,25-Sep-09,Blue Parrot  (Guntersville),Scratch Band,Guntersville,Friday,Live Music
1,26-Sep-09,Blue Parrot  (Guntersville),Live Music,Guntersville,Saturday,Live Music
5,30-Sep-09,Blue Parrot  (Guntersville),Freddy,Guntersville,Wednesday,Live Music
6,1-Oct-09,Blue Parrot  (Guntersville),Karaoke,Guntersville,Thursday,Karaoke
7,2-Oct-09,Blue Parrot  (Guntersville),Night Train,Guntersville,Friday,Live Music
8,3-Oct-09,Blue Parrot  (Guntersville),Buck Wild,Guntersville,Saturday,Live Music
12,7-Oct-09,Blue Parrot  (Guntersville),Mike and Cat,Guntersville,Wednesday,Live Music
13,8-Oct-09,Blue Parrot  (Guntersville),Karaoke,Guntersville,Thursday,Karaoke
14,9-Oct-09,Blue Parrot  (Guntersville),Eric and the Idols,Guntersville,Friday,Live Music
15,10-Oct-09,Blue Parrot  (Guntersville),Eric and the Idols,Guntersville,Saturday,Live Music
19,14-Oct-09,Blue Parrot  (Guntersville),Freddy,Guntersville,Wednesday,Live Music
20,15-Oct-09,Blue Parrot  (Guntersville),Karaoke,Guntersville,Sunday,Karaoke
21,16-Oct-09,Blue Parrot  (Guntersville),Live Music,Guntersville,Monday,Live Music
22,17-Oct-09,Blue Parrot  (Guntersville),Radio Tremmors,Guntersville,Tuesday,Live Music
-1,24-Sep-09,Boondock's Bar and Grill (Guntersville),Live Music,Guntersville,Thursday,Karaoke
0,25-Sep-09,Boondock's Bar and Grill (Guntersville),Live Music,Guntersville,Friday,Live Music
1,26-Sep-09,Boondock's Bar and Grill (Guntersville),Live Music,Guntersville,Saturday,Live Music
3,28-Sep-09,Boondock's Bar and Grill (Guntersville),Karaoke,Guntersville,Monday,Karaoke
4,29-Sep-09,Boondock's Bar and Grill (Guntersville),Karaoke,Guntersville,Tuesday,Karaoke
5,30-Sep-09,Boondock's Bar and Grill (Guntersville),Live Music,Guntersville,Wednesday,Karaoke
6,1-Oct-09,Boondock's Bar and Grill (Guntersville),Live Music,Guntersville,Thursday,Karaoke
7,2-Oct-09,Boondock's Bar and Grill (Guntersville),Live Music,Guntersville,Friday,Live Music
8,3-Oct-09,Boondock's Bar and Grill (Guntersville),Live Music,Guntersville,Saturday,Live Music
10,5-Oct-09,Boondock's Bar and Grill (Guntersville),Karaoke,Guntersville,Monday,Karaoke
11,6-Oct-09,Boondock's Bar and Grill (Guntersville),Karaoke,Guntersville,Tuesday,Karaoke
12,7-Oct-09,Boondock's Bar and Grill (Guntersville),Karaoke,Guntersville,Wednesday,Karaoke
13,8-Oct-09,Boondock's Bar and Grill (Guntersville),Live Music,Guntersville,Thursday,Karaoke
14,9-Oct-09,Boondock's Bar and Grill (Guntersville),Live Music,Guntersville,Friday,Live Music
15,10-Oct-09,Boondock's Bar and Grill (Guntersville),Live Music,Guntersville,Saturday,Live Music
17,12-Oct-09,Boondock's Bar and Grill (Guntersville),Karaoke,Guntersville,Monday,Karaoke
18,13-Oct-09,Boondock's Bar and Grill (Guntersville),Karaoke,Guntersville,Tuesday,Karaoke
19,14-Oct-09,Boondock's Bar and Grill (Guntersville),Karaoke,Guntersville,Wednesday,Karaoke
20,15-Oct-09,Boondock's Bar and Grill (Guntersville),Live Music,Guntersville,Thursday,Karaoke
21,16-Oct-09,Boondock's Bar and Grill (Guntersville),Live Music,Guntersville,Friday,Live Music
22,17-Oct-09,Boondock's Bar and Grill (Guntersville),Live Music,Guntersville,Saturday,Live Music
5,30-Sep-09,Bridge Street,Acoustics on the Patio w/ Brent Morgan,Huntsville,Wednesday,Live Music
12,7-Oct-09,Bridge Street,Acoustics on the Patio ,Huntsville,Wednesday,Live Music
19,14-Oct-09,Bridge Street,Acoustics on the Patio,Huntsville,Wednesday,Live Music
8,3-Oct-09,CafÈ 113 ( Decatur),The Brightside Suicides with Ryan OíConnor and The Barnstormers ,Decatur,Friday,Live Music
0,25-Sep-09,Casa Montego,Reggae & More with DJ Roger,Huntsville,Friday,DJ
2,27-Sep-09,Casa Montego,Live Jazz featuring Devere Pride Trio and Friends (7-10:30),Huntsville,Sunday,Live Music
7,2-Oct-09,Casa Montego,Reggae & More with DJ Roger,Huntsville,Friday,DJ
9,4-Oct-09,Casa Montego,Live Jazz featuring Devere Pride Trio and Friends (7-10:30),Huntsville,Sunday,Live Music
14,9-Oct-09,Casa Montego,Reggae & More with DJ Roger,Huntsville,Friday,DJ
16,11-Oct-09,Casa Montego,Live Jazz featuring Devere Pride Trio and Friends (7-10:30),Huntsville,Sunday,Live Music
21,16-Oct-09,Casa Montego,Reggae & More with DJ Roger,Huntsville,Friday,DJ
23,18-Oct-09,Casa Montego,Live Jazz featuring Devere Pride Trio and Friends (7-10:30),Huntsville,Sunday,Live Music
1,26-Sep-09,Cazadeores,Live Music,Owens Crossroads,Saturday,Live Music
5,30-Sep-09,Cazadeores,Open Mic Hosted by Scott Morgan,Owens Crossroads,Wednesday,Live Music
8,3-Oct-09,Cazadeores,Live Music,Owens Crossroads,Saturday,Live Music
12,7-Oct-09,Cazadeores,Open Mic Hosted by Scott Morgan,Owens Crossroads,Wednesday,Live Music
15,10-Oct-09,Cazadeores,Live Music,Owens Crossroads,Saturday,Live Music
19,14-Oct-09,Cazadeores,Open Mic Hosted by Scott Morgan,Owens Crossroads,Wednesday,Live Music
22,17-Oct-09,Cazadeores,Live Music,Owens Crossroads,Saturday,Live Music
-1,24-Sep-09,Club Ozz,Karaoke w/ Brandon,Huntsville,Thursday,Karaoke
0,25-Sep-09,Club Ozz,Divas of Illusion w/DJ Shell,Huntsville,Friday,Karaoke
1,26-Sep-09,Club Ozz,Divas of Illusion w/DJ Shell,Huntsville,Saturday,Karaoke
2,27-Sep-09,Club Ozz,DJ Matt Play,Huntsville,Sunday,Karaoke
6,1-Oct-09,Club Ozz,Karaoke w/ Brandon,Huntsville,Thursday,Karaoke
7,2-Oct-09,Club Ozz,Divas of Illusion w/DJ Shell,Huntsville,Friday,Karaoke
8,3-Oct-09,Club Ozz,Divas of Illusion w/DJ Shell,Huntsville,Saturday,Karaoke
9,4-Oct-09,Club Ozz,DJ Matt Play,Huntsville,Sunday,Karaoke
13,8-Oct-09,Club Ozz,Karaoke w/ Brandon,Huntsville,Thursday,Karaoke
14,9-Oct-09,Club Ozz,Divas of Illusion w/DJ Shell,Huntsville,Friday,Karaoke
15,10-Oct-09,Club Ozz,Divas of Illusion w/DJ Shell,Huntsville,Saturday,Karaoke
16,11-Oct-09,Club Ozz,DJ Matt Play,Huntsville,Sunday,Karaoke
20,15-Oct-09,Club Ozz,Karaoke w/ Brandon,Huntsville,Thursday,Karaoke
21,16-Oct-09,Club Ozz,Divas of Illusion w/DJ Shell,Huntsville,Friday,Karaoke
22,17-Oct-09,Club Ozz,Divas of Illusion w/DJ Shell,Huntsville,Saturday,Karaoke
23,18-Oct-09,Club Ozz,DJ Matt Play,Huntsville,Sunday,Karaoke
0,25-Sep-09,Coffeetree Books & Brew ,James Smith & other members of Traditional Music Association,Huntsville,Friday,Live Music
1,26-Sep-09,Coffeetree Books & Brew  ,Open Mic Night (7pm),Huntsville,Saturday,Live Music
5,30-Sep-09,Coffeetree Books & Brew  ,Songwriter's Jam (7pm),Huntsville ,Wednesday,Live Music
7,2-Oct-09,Coffeetree Books & Brew  ,Larry Woellhart,Huntsville ,Friday,Live Music
8,3-Oct-09,Coffeetree Books & Brew  ,Open Mic Night (7pm),Huntsville,Saturday,Live Music
12,7-Oct-09,Coffeetree Books & Brew  ,Songwriter's Jam (7pm),Huntsville,Wednesday,Live Music
14,9-Oct-09,Coffeetree Books & Brew  ,Randy Duck and George Wells,Huntsville,Friday,Live Music
15,10-Oct-09,Coffeetree Books & Brew  ,Open Mic Night (7pm),Huntsville,Saturday,Live Music
19,14-Oct-09,Coffeetree Books & Brew  ,Songwriter's Jam (7pm),Huntsville,Wednesday,Live Music
21,16-Oct-09,Coffeetree Books & Brew  ,Holly Helms,Huntsville,Friday,Live Music
0,25-Sep-09,Coppertop,Local Orbit,Huntsville,Friday,Live Music
4,29-Sep-09,Coppertop,HDK Karaoke with Howie,Huntsville,Tuesday,Karaoke
7,2-Oct-09,Coppertop,Stiff,Huntsville,Friday,Live Music
11,6-Oct-09,Coppertop,HDK Karaoke with Howie,Huntsville,Tuesday,Karaoke
14,9-Oct-09,Coppertop,Second Hand Lincoln,Huntsville,Friday,Live Music
18,13-Oct-09,Coppertop,HDK Karaoke with Howie,Huntsville,Tuesday,Karaoke
21,16-Oct-09,Coppertop,Viscious Circle,Huntsville,Friday,Live Music
-1,24-Sep-09,Crossroads ,Sarah Bettens (of K's Choice) with special guest Marge Loveday,Huntsville,Thursday,Live Music
0,25-Sep-09,Crossroads ,Liquid Caravan,Huntsville,Friday,Live Music
1,26-Sep-09,Crossroads ,Moose (no cover charge),Huntsville,Saturday,Live Music
2,27-Sep-09,Crossroads ,Kush Reggae Band,,,
6,1-Oct-09,Crossroads ,"Stacy Mitchhart",Huntsville,Thursday,Live Music
7,2-Oct-09,Crossroads ,"Ryan Bingham and Dead Horses",Huntsville,Friday,Live Music
8,3-Oct-09,Crossroads,Wrong Way (Sublime Tribute Band),Huntsville,Saturday,Live Music
13,8-Oct-09,Crossroads ,Battle of the Bands,Huntsville,Thursday,Live Music
14,9-Oct-09,Crossroads,DiscOasis,Huntsville,Friday,Live Music
15,10-Oct-09,Crossroads ,2nd Saturday,Huntsville,Saturday,Live Music
21,16-Oct-09,Crossroads ,Live Music,Huntsville,Friday,Live Music
22,17-Oct-09,Crossroads ,Battery (Metallica Tribute Band),Huntsville,Saturday,Live Music
-1,24-Sep-09,El Dorado Mex Grill,Raul Mejia,Huntsville,Thursday,Live Music
0,25-Sep-09,El Dorado Mex Grill,Raul Mejia,Huntsville,Friday,Live Music
6,1-Oct-09,El Dorado Mex Grill,Raul Mejia,Huntsville,Thursday,Live Music
7,2-Oct-09,El Dorado Mex Grill,Raul Mejia,Huntsville,Friday,Live Music
13,8-Oct-09,El Dorado Mex Grill,Raul Mejia,Huntsville,Thursday,Live Music
14,9-Oct-09,El Dorado Mex Grill,Raul Mejia,Huntsville,Friday,Live Music
20,15-Oct-09,El Dorado Mex Grill,Raul Mejia,Huntsville,Thursday,Live Music
21,16-Oct-09,El Dorado Mex Grill,Raul Mejia,Huntsville,Friday,Live Music
0,25-Sep-09,El Herradura,Edgar  ,Huntsville,Friday,Live Music
7,2-Oct-09,El Herradura,Edgar  ,Huntsville,Friday,Live Music
14,9-Oct-09,El Herradura,Edgar  ,Huntsville,Friday,Live Music
21,16-Oct-09,El Herradura,Edgar  ,Huntsville,Friday,Live Music
1,26-Sep-09,Flying Monkey Arts Center,"Ranger Rick and the Western Sizzlers",Huntsville Saturday Live Music,,
8,3-Oct-09,Flying Monkey Arts Center,The Shaking Ray Levis,Huntsville ,Friday,Live Music
13,8-Oct-09,Flying Monkey Arts Center,The New Familiars Act of Congress,Huntsville,Thursday,Live Music
19,14-Oct-09,Flying Monkey Arts Center,"Pile, Margin Walker",Huntsville,Wednesday,Live Music
21,16-Oct-09,Flying Monkey Arts Center,"Electric Veltens",Huntsville,Friday,Live Music
0,25-Sep-09,Furniture Factory,Live Music,Huntsville,Friday,Live Music
1,26-Sep-09,Furniture Factory,Live Music,Huntsville,Saturday,Live Music
5,30-Sep-09,Furniture Factory,Live Music,Huntsville,Wednesday,Live Music
7,2-Oct-09,Furniture Factory,Chad Bradford Band,Huntsville,Friday,Live Music
8,3-Oct-09,Furniture Factory,Rob Aldridge,Huntsville,Saturday,Live Music
12,7-Oct-09,Furniture Factory,Son of Sanchez,Huntsvill Saturda,,
14,9-Oct-09,Furniture Factory,Live Music,Huntsville,Friday,Live Music
15,10-Oct-09,Furniture Factory,Rob Aldridge,Huntsville,Saturday,Live Music
19,14-Oct-09,Furniture Factory,Chad Bradford Duo,HuntsvillSaturda,,
21,16-Oct-09,Furniture Factory,"Chuck Rutenberg, Christina Lynn & Russ",Huntsville,Friday,Live Music
0,25-Sep-09,Geno's Pub (Decatur),Karaoke,Decatur,Friday,Karaoke
3,28-Sep-09,Geno's Pub (Decatur),Karaoke,Decatur,Monday,Karaoke
7,2-Oct-09,Geno's Pub (Decatur),Karaoke,Decatur,Friday,Karaoke
10,5-Oct-09,Geno's Pub (Decatur),Karaoke,Decatur,Monday,Karaoke
14,9-Oct-09,Geno's Pub (Decatur),Karaoke,Decatur,Friday,Karaoke
17,12-Oct-09,Geno's Pub (Decatur),Karaoke,Decatur,Monday,Live Music
21,16-Oct-09,Geno's Pub (Decatur),Karaoke,Decatur,Friday,Karaoke
-1,24-Sep-09,Glass's Cocktails & Grill (Decatur),Chad Reeves,Decatur,Thursday,Live Music
0,25-Sep-09,Glass's Cocktails & Grill (Decatur),Rodeo Truckers,Decatur,Friday,Live Music
1,26-Sep-09,Glass's Cocktails & Grill (Decatur),Two Days Gone,Decatur,Saturday,Live Music
3,28-Sep-09,Glass's Cocktails & Grill (Decatur),Karaoke w/DJ Jeff,Decatur,Monday,Karaoke
4,29-Sep-09,Glass's Cocktails & Grill (Decatur),Wild Ride,Decatur,Tuesday,Live Music
5,30-Sep-09,Glass's Cocktails & Grill (Decatur),Karaoke w/Louis,Decatur,Wednesday,Karaoke
6,1-Oct-09,Glass's Cocktails & Grill (Decatur),Chad Reeves,Decatur,Thursday,Live Music
7,2-Oct-09,Glass's Cocktails & Grill (Decatur),Rodeo Truckers,Decatur,Friday,Live Music
8,3-Oct-09,Glass's Cocktails & Grill (Decatur),Stop the Car,Decatur,Saturday,Live Music
10,5-Oct-09,Glass's Cocktails & Grill (Decatur),Karaoke,Decatur,Monday,Karaoke
11,6-Oct-09,Glass's Cocktails & Grill (Decatur),MayDay,Decatur,Tuesday,Live Music
12,7-Oct-09,Glass's Cocktails & Grill (Decatur),Karaoke,Decatur,Wednesday,Karaoke
13,8-Oct-09,Glass's Cocktails & Grill (Decatur),Chad Reeves,Decatur,Thursday,Live Music
14,9-Oct-09,Glass's Cocktails & Grill (Decatur),Rodeo Truckers,Decatur,Friday,Live Music
15,10-Oct-09,Glass's Cocktails & Grill (Decatur),Two Days Gone,Decatur,Saturday,Live Music
17,12-Oct-09,Glass's Cocktails & Grill (Decatur),Karaoke w/DJ Jeff,Decatur,Monday,Karaoke
18,13-Oct-09,Glass's Cocktails & Grill (Decatur),Wild Ride,Decatur,Tuesday,Live Music
19,14-Oct-09,Glass's Cocktails & Grill (Decatur),Karaoke w/Louis,Decatur,Wednesday,Karaoke
20,15-Oct-09,Glass's Cocktails & Grill (Decatur),Chad Reeves,Decatur,Thursday,Live Music
21,16-Oct-09,Glass's Cocktails & Grill (Decatur),Rodeo Truckers,Decatur,Friday,Live Music
22,17-Oct-09,Glass's Cocktails & Grill (Decatur),Stop the Car,Decatur,Saturday,Live Music
-1,24-Sep-09,Half Time Bar & Grill,Karaoke w/Jimbo,Huntsville,Thursday,Karaoke
6,1-Oct-09,Half Time Bar & Grill,Karaoke w/Larry,Huntsville,Thursday,Karaoke
13,8-Oct-09,Half Time Bar & Grill,Karaoke w/Jimbo,Huntsville,Thursday,Karaoke
20,15-Oct-09,Half Time Bar & Grill,Karaoke w/Larry,Huntsville,Thursday,Karaoke
0,25-Sep-09,Hard Dock Cafe (Decatur),Crush,Decatur,Friday,Live Music
1,26-Sep-09,Hard Dock Cafe (Decatur),Legrange,Decatur,Saturday,Live Music
7,2-Oct-09,Hard Dock Cafe (Decatur),Proton Joe,Decatur,Friday,Live Music
8,3-Oct-09,Hard Dock Cafe (Decatur),Hot Rod Otis,Decatur,Saturday,Live Music
14,9-Oct-09,Hard Dock Cafe (Decatur),Kozmic Mama,Decatur,Friday,Live Music
15,10-Oct-09,Hard Dock Cafe (Decatur),Live Music,Decatur,Saturday,Live Music
21,16-Oct-09,Hard Dock Cafe (Decatur),The Breakers,Decatur,Friday,Live Music
22,17-Oct-09,Hard Dock Cafe (Decatur),Group 6,Decatur,Saturday,Live Music
-1,24-Sep-09,Hog Wild Saloon,Karaoke w/ David (8pm-1am),Huntsville,Thursday,Live Music
0,25-Sep-09,Hog Wild Saloon,Chad Bradford,Huntsville,Friday,Live Music
1,26-Sep-09,Hog Wild Saloon,Chad Bradford,Huntsville,Saturday,Live Music
5,30-Sep-09,Hog Wild Saloon,Karaoke w/ David (8pm-1am),Huntsville,Wednesday,Live Music
6,1-Oct-09,Hog Wild Saloon,Bonefied,Huntsville,Friday,Live Music
7,2-Oct-09,Hog Wild Saloon,Bonefied,Huntsville,Saturday,Live Music
12,7-Oct-09,Hog Wild Saloon,Karaoke w/ David (8pm-1am),Huntsville,Friday,Live Music
13,8-Oct-09,Hog Wild Saloon,Karaoke w/ David (8pm-1am),Huntsville,Saturday,Live Music
14,9-Oct-09,Hog Wild Saloon,Bonafied,Huntsville,Sunday,Live Music
15,10-Oct-09,Hog Wild Saloon,Bonafied,Huntsville,Monday,Live Music
19,14-Oct-09,Hog Wild Saloon,Karaoke w/ David (8pm-1am),Huntsville,Wednesday,Live Music
20,15-Oct-09,Hog Wild Saloon,Karaoke w/ David (8pm-1am),Huntsville,Thursday,Live Music
21,16-Oct-09,Hog Wild Saloon,Bonefied,Huntsville,Friday,Live Music
22,17-Oct-09,Hog Wild Saloon,Bonefied,Huntsville,Saturday,Live Music
-1,24-Sep-09,Hooters,Bike Night w/ Hot Rod Otis,Huntsville,Thursday,Live Music
6,1-Oct-09,Hooters,Bike Night w/ JD and The Bad Boys,Huntsville,Thursday,Live Music
13,8-Oct-09,Hooters,Bike Night w/ Fat Momma,Huntsville,Thursday,Live Music
20,15-Oct-09,Hooters,Bike Night w/ The Breakers formerly the Crawlers,Huntsville,Thursday,Live Music
0,25-Sep-09,Hopper's,Peter and the Wolf (8:30),Huntsville,Friday,Live Music
1,26-Sep-09,Hopper's,Peter and the Wolf (8:30),Huntsville,Saturday,Live Music
2,27-Sep-09,Hopper's,"Ricky Fargo(Brunch, 11-2)/Karaoke with Lee Kearns (8-12)",Huntsville,Sunday,Live Music
5,30-Sep-09,Hopper's,Lil' Ed (8-12),Huntsville,Wednesday,Live Music
7,2-Oct-09,Hopper's,Peter and the Wolf (8:30),Huntsville,Friday,Live Music
8,3-Oct-09,Hopper's,Peter and the Wolf (8:30),Huntsville,Saturday,Live Music
9,4-Oct-09,Hopper's,"Ricky Fargo(Brunch, 11-2)/Karaoke with Lee Kearns (8-12)",Huntsville,Sunday,Live Music
12,7-Oct-09,Hopper's,Lil' Ed (8-12),Huntsville,Wednesday,Live Music
14,9-Oct-09,Hopper's,Peter and the Wolf (8:30),Huntsville,Friday,Live Music
15,10-Oct-09,Hopper's,Peter and the Wolf (8:30),Huntsville,Saturday,Live Music
16,11-Oct-09,Hopper's,"Ricky Fargo(Brunch, 11-2)/Karaoke with Lee Kearns (8-12)",Huntsville,Sunday,Live Music
19,14-Oct-09,Hopper's,Lil' Ed (8-12),Huntsville,Wednesday,Live Music
21,16-Oct-09,Hopper's,Peter and the Wolf (8:30),Huntsville,Friday,Live Music
22,17-Oct-09,Hopper's,Peter and the Wolf (8:30),Huntsville,Saturday,Live Music
-1,24-Sep-09,Humphrey's Bar & Grill,Microwave Dave and the Nukes,Huntsville,Thursday,Live Music
0,25-Sep-09,Humphrey's Bar & Grill,MoonTaxi,Huntsville,Friday,Live Music
1,26-Sep-09,Humphrey's Bar & Grill,Black eyed Susan,Huntsville,Saturday,Live Music
3,28-Sep-09,Humphrey's Bar & Grill,Open Mic w/ Microwave Dave,Huntsville,Monday,Live Music
4,29-Sep-09,Humphrey's Bar & Grill,Tyler Reeve Band,Huntsville,Tuesday,Live Music
5,30-Sep-09,Humphrey's Bar & Grill,Garrett Tucker Band,Huntsville,Wednesday,Live Music
6,1-Oct-09,Humphrey's Bar & Grill,Ben Deigman,Huntsville,Thursday,Live Music
7,2-Oct-09,Humphrey's Bar & Grill,Live Music,Huntsville,Friday,Live Music
8,3-Oct-09,Humphrey's Bar & Grill,Live Music,Huntsville,Saturday,Live Music
10,5-Oct-09,Humphrey's Bar & Grill,Scott Morgan Open-mic ,Huntsville,Monday,Live Music
11,6-Oct-09,Humphrey's Bar & Grill,Watson and Nash,Huntsville,Tuesday,Live Music
12,7-Oct-09,Humphrey's Bar & Grill,Toy Shop,Huntsville,Wednesday,Live Music
13,8-Oct-09,Humphrey's Bar & Grill,Cash,Huntsville,Thursday,Live Music
14,9-Oct-09,Humphrey's Bar & Grill,Live Music,Huntsville,Friday,Live Music
15,10-Oct-09,Humphrey's Bar & Grill,Scott Holt,Huntsville,Saturday,Live Music
17,12-Oct-09,Humphrey's Bar & Grill,Open Mic w/ Scott Morgan,Huntsville,Friday,Live Music
18,13-Oct-09,Humphrey's Bar & Grill,Live Music,Huntsville,Saturday,Live Music
19,14-Oct-09,Humphrey's Bar & Grill,Juice,,,
20,15-Oct-09,Humphrey's Bar & Grill,Flatwoods,,,
21,16-Oct-09,Humphrey's Bar & Grill,Kozmic Mama,,,
22,17-Oct-09,Humphrey's Bar & Grill,Full Circle,,,
-1,24-Sep-09,Kaffeeklatsch @ Night,Dave Anderson,Huntsville,Thursday,Live Music
0,25-Sep-09,Kaffeeklatsch @ Night,Hash Brown,Huntsville,Friday,Live Music
1,26-Sep-09,Kaffeeklatsch @ Night,Cracker Jacks,Huntsville,Saturday,Live Music
2,27-Sep-09,Kaffeeklatsch @ Night,Sunday Blues Jam hosted by Freddy Earl and the Blues Mercenaries (3pm-close),Huntsville,Sunday,Live Music
3,28-Sep-09,Kaffeeklatsch @ Night,Acoustic Open Mic hosted by Greg Rowell,Huntsville,Monday,Live Music
4,29-Sep-09,Kaffeeklatsch @ Night,Live Music,Huntsville,Tuesday,Live Music
6,1-Oct-09,Kaffeeklatsch @ Night,Dave Anderson,Huntsville,Thursday,Live Music
7,2-Oct-09,Kaffeeklatsch @ Night,Live Music,Huntsville,Friday,Live Music
8,3-Oct-09,Kaffeeklatsch @ Night,Live Music,Huntsville,Saturday,Live Music
9,4-Oct-09,Kaffeeklatsch @ Night,Sunday Blues Jam hosted by Freddy Earl and the Blues Mercenaries,Huntsville,Sunday,Live Music
10,5-Oct-09,Kaffeeklatsch @ Night,Acoustic Open Mic hosted by Greg Rowell,Huntsville,Monday,Live Music
11,6-Oct-09,Kaffeeklatsch @ Night,Live Music,Huntsville,Tuesday,Live Music
13,8-Oct-09,Kaffeeklatsch @ Night,Dave Anderson,Huntsville,Thursday,
14,9-Oct-09,Kaffeeklatsch @ Night,Dawn Osbourne Trio,Huntsville,Friday,Live Music
15,10-Oct-09,Kaffeeklatsch @ Night,Toy Shop,Huntsville,Saturday,Live Music
16,11-Oct-09,Kaffeeklatsch @ Night,Sunday Blues Jam hosted by Freddy Earl and the Blues Mercenaries,Huntsville,Sunday,Live Music
17,12-Oct-09,Kaffeeklatsch @ Night,Acoustic Open Mic hosted by Greg Rowell,Huntsville,Monday,Live Music
20,15-Oct-09,Kaffeeklatsch @ Night,Dave Anderson,Huntsville,Thursday,Live Music
21,16-Oct-09,Kaffeeklatsch @ Night,Seducing Alice,Huntsville,Friday,Live Music
22,17-Oct-09,Kaffeeklatsch @ Night,Live Music,Huntsville,Saturday,Live Music
23,18-Oct-09,Kaffeeklatsch @ Night,Sunday Blues Jam hosted by Freddy Earl and the Blues Mercenaries ,Huntsville,Sunday,Live Music
-1,24-Sep-09,Lee Ann's ,Crush,Huntsville,Thursday,Live Music
0,25-Sep-09,Lee Ann's ,Pla'station ,Huntsville,Friday,Live Music
1,26-Sep-09,Lee Ann's ,Hot Mixx,Huntsville,Saturday,Live Music
3,29-Sep-09,Lee Ann's ,Rudy Mockabee,Huntsville,Tuesday,Live Music
5,30-Sep-09,Lee Ann's ,Deltones,Huntsville,Wednesday,Live Music
6,1-Oct-09,Lee Ann's ,Jason Albert Band,Huntsville,Thursday,Live Music
7,2-Oct-09,Lee Ann's ,Gryphon,Huntsville,Friday,Live Music
8,3-Oct-09,Lee Ann's ,Four Door Ramblers,Huntsville,Saturday,Live Music
11,6-Oct-09,Lee Ann's ,Rudy Mockabee,Huntsville ,Tuesday,Live Music
12,7-Oct-09,Lee Ann's ,Sons of Sanchez,Huntsville,Wednesday,Live Music
13,8-Oct-09,Lee Ann's ,Crush,Huntsville,Thursday,Live Music
14,9-Oct-09,Lee Ann's ,Full Circle,Huntsville,Friday,Live Music
15,10-Oct-09,Lee Ann's ,Second Hand Lincoln,Huntsville ,Saturday,Live Music
0,25-Sep-09,Lisa's Lounge,Karaoke w/ Jimbo (8pm-1:30am),Huntsville,Friday,
1,26-Sep-09,Lisa's Lounge,Karaoke w/Jimbo (8pm-1:30am),Huntsville,Saturday,Karaoke
5,30-Sep-09,Lisa's Lounge,Karaoke w/Jimbo (8pm-1:30am),Huntsville,Wednesday,Karaoke
7,2-Oct-09,Lisa's Lounge,Karaoke w/Jimbo (7pm)/TalentQuest Contest (8pm),Huntsville,Friday,Karaoke
8,3-Oct-09,Lisa's Lounge,Karaoke w/Jimbo (8pm-1:30am),Huntsville,Saturday,Karaoke
12,7-Oct-09,Lisa's Lounge,Karaoke w/Jimbo (8pm-1:30am),Huntsville,Wednesday,Karaoke
14,9-Oct-09,Lisa's Lounge,Karaoke w/Jimbo (7pm)/TalentQuest Contest (8pm),Huntsville,Friday,Karaoke
15,10-Oct-09,Lisa's Lounge,Karaoke w/Jimbo (8pm-1:30am),Huntsville,Saturday,Karaoke
19,14-Oct-09,Lisa's Lounge,Karaoke w/Jimbo (8pm-1:30am),Huntsville,Wednesday,Karaoke
21,16-Oct-09,Lisa's Lounge,Karaoke w/Jimbo (7pm)/TalentQuest Contest (8pm),Huntsville,Friday,Karaoke
22,17-Oct-09,Lisa's Lounge,Karaoke w/Jimbo (8pm-1:30am),Huntsville,Saturday,Karaoke
0,25-Sep-09,Lowe Mill,Sweet Lucy and The Dreaded Firefly ,Huntsville,Friday,Live Music
2,27-Sep-09,Lowe Mill,"Ian Thomas (Nashville), Rita Burkholder",Huntsville,Sunday,Live Music
7,2-Oct-09,Lowe Mill,The Golden Ticket,Huntsville,Friday,Live Music
14,9-Oct-09,Lowe Mill,Dorian Michael,Huntsville,Friday,Live Music
0,25-Sep-09,Mac's Sportsbar and Steakhouse,Barefeet,Athens,Friday,Live Music
4,29-Sep-09,Mac's Sportsbar and Steakhouse,Karaoke w/ Doc Rock,Athens,Tuesday,Karaoke
6,1-Oct-09,Mac's Sportsbar and Steakhouse,Open Mic w/ Trey,Athens,Thursday,Live Music
7,2-Oct-09,Mac's Sportsbar and Steakhouse,Chronic Furry,Athens,Friday,Live Music
11,6-Oct-09,Mac's Sportsbar and Steakhouse,Karaoke w/ Doc Rock,Athens,Tuesday,Karaoke
13,8-Oct-09,Mac's Sportsbar and Steakhouse,Open Mic w/ Trey,Athens,Thursday,Live Music
14,9-Oct-09,Mac's Sportsbar and Steakhouse,Red Letters,Athens,Friday,Live Music
18,13-Oct-09,Mac's Sportsbar and Steakhouse,Karaoke w/ Doc Rock,Athens,Tuesday,Karaoke
20,15-Oct-09,Mac's Sportsbar and Steakhouse,Open Mic w/ Trey,Athens,Thursday,Live Music
21,16-Oct-09,Mac's Sportsbar and Steakhouse,Live Music,Athens,Friday,Live Music
-1,24-Sep-09,Mac's Sportsbar and Steakhouse,Open Mic w/ Trey,Athens,Thursday,Live Music
-1,24-Sep-09,Maria Bonita Grill and Cantina (Decatur) ,Karaoke with JD Pollard,Decatur,Thursday,Karaoke
0,25-Sep-09,Maria Bonita Grill and Cantina (Decatur) ,No Cover Night,Decatur,Friday,Live Music
1,26-Sep-09,Maria Bonita Grill and Cantina (Decatur) ,Kush,Decatur,Saturday,Live Music
5,30-Sep-09,Maria Bonita Grill and Cantina (Decatur) ,Karaoke with JD Pollard,Decatur,Saturday,Live Music
6,1-Oct-09,Maria Bonita Grill and Cantina (Decatur) ,Karaoke with JD Pollard,Decatur,Wednesday,Live Music
7,2-Oct-09,Maria Bonita Grill and Cantina (Decatur) ,No Cover Night,Decatur,Thursday,Karaoke
8,3-Oct-09,Maria Bonita Grill and Cantina (Decatur) ,46 Hush,Decatur,Friday,Live Music
12,7-Oct-09,Maria Bonita Grill and Cantina (Decatur) ,Karaoke with JD Pollard,Decatur,Saturday,Live Music
13,8-Oct-09,Maria Bonita Grill and Cantina (Decatur) ,Karaoke with JD Pollard,Decatur,Saturday,Live Music
14,9-Oct-09,Maria Bonita Grill and Cantina (Decatur) ,No Cover Night,Decatur,Thursday,Karaoke
15,10-Oct-09,Maria Bonita Grill and Cantina (Decatur) ,Southern Hauler,Decatur,Friday,Live Music
19,14-Oct-09,Maria Bonita Grill and Cantina (Decatur) ,Karaoke with JD Pollard,Decatur,Saturday,Live Music
20,15-Oct-09,Maria Bonita Grill and Cantina (Decatur) ,Karaoke with JD Pollard,Decatur,Saturday,Live Music
15,10-Oct-09,MontEagle Winery ,"Simpli Lauri, Uncle Don Clark, Chance Moore ","MontEagle, TN",Friday,Live Music
0,25-Sep-09,Moody's Mondays,Karaoke,Huntsville,Friday,Karaoke
1,26-Sep-09,Moody's Mondays,Karaoke,Huntsville,Saturday,Karaoke
5,30-Sep-09,Moody's Mondays,Karaoke,Huntsville,Wednesday,Karaoke
7,2-Oct-09,Moody's Mondays,Karaoke,Huntsville,Friday,Karaoke
8,3-Oct-09,Moody's Mondays,Karaoke,Huntsville,Saturday,Karaoke
12,7-Oct-09,Moody's Mondays,Karaoke,Huntsville,Wednesday,Karaoke
14,9-Oct-09,Moody's Mondays,Karaoke,Huntsville,Friday,Karaoke
15,10-Oct-09,Moody's Mondays,Karaoke,Huntsville,Saturday,Karaoke
19,14-Oct-09,Moody's Mondays,Karaoke,Huntsville,Wednesday,Karaoke
-1,24-Sep-09,Olivia's Bar and Grill,Karaoke (9pm),Huntsville,Thursday,Karaoke
0,25-Sep-09,Olivia's Bar and Grill,Karaoke (9pm),Huntsville,Friday,Karaoke
1,26-Sep-09,Olivia's Bar and Grill,Karaoke (9pm),Huntsville,Saturday,Karaoke
2,27-Sep-09,Olivia's Bar and Grill,Karaoke (9pm),Huntsville,Sunday,Karaoke
3,30-Sep-09,Olivia's Bar and Grill,Karaoke (9pm),Huntsville,Wednesday,Karaoke
4,1-Oct-09,Olivia's Bar and Grill,Karaoke (9pm),Huntsville,Thursday,Karaoke
5,2-Oct-09,Olivia's Bar and Grill,Karaoke (9pm),Huntsville,Friday,Karaoke
6,3-Oct-09,Olivia's Bar and Grill,Karaoke (9pm),Huntsville,Saturday,Karaoke
7,4-Oct-09,Olivia's Bar and Grill,Karaoke (9pm),Huntsville,Sunday,Karaoke
12,7-Oct-09,Olivia's Bar and Grill,Karaoke (9pm),Huntsville,Wednesday,Karaoke
13,8-Oct-09,Olivia's Bar and Grill,Karaoke (9pm),Huntsville,Thursday,Karaoke
14,9-Oct-09,Olivia's Bar and Grill,Karaoke (9pm),Huntsville,Friday,Karaoke
15,10-Oct-09,Olivia's Bar and Grill,Karaoke (9pm),Huntsville,Saturday,Karaoke
16,11-Oct-09,Olivia's Bar and Grill,Karaoke (9pm),Huntsville,Sunday,Karaoke
19,14-Oct-09,Olivia's Bar and Grill,Karaoke (9pm),Huntsville,Wednesday,
20,15-Oct-09,Olivia's Bar and Grill,Karaoke (9pm),Huntsville,Thursday,Karaoke
21,16-Oct-09,Olivia's Bar and Grill,Karaoke (9pm),Huntsville,Friday,Karaoke
22,17-Oct-09,Olivia's Bar and Grill,Karaoke (9pm),Huntsville,Saturday,Karaoke
23,18-Oct-09,Olivia's Bar and Grill,Karaoke (9pm),Huntsville,Sunday,Karaoke
-1,24-Sep-09,Partner's Bar & Grill,Karaoke and Dance w/DJ Sweet T  ,Huntsville,Friday,Karaoke
0,25-Sep-09,Partner's Bar & Grill,Partner's Cabaret Show ,Huntsville,Friday,Live Music
1,26-Sep-09,Partner's Bar & Grill,"Betty Roulette Burlesque ",Huntsville,Saturday,Live Music
2,27-Sep-09,Partner's Bar & Grill,"The Usual band from Nashville TN, no cover",Huntsville,Sunday,Live Music
4,29-Sep-09,Partner's Bar & Grill,Karaoke  hosted by DJ Sweet T (9pm-2am)  ,Huntsville,Tuesday,Karaoke
5,30-Sep-09,Partner's Bar & Grill,College Night Dancing/DJ ,Huntsville,Wednesday,DJ
6,1-Oct-09,Partner's Bar & Grill,Karaoke and Dance w/DJ Sweet T  ,Huntsville,Thursday,Karaoke
7,2-Oct-09,Partner's Bar & Grill,Partner's Cabaret Show ,Huntsville,Friday,Live Music
8,3-Oct-09,Partner's Bar & Grill,"Kristy Lee",Huntsville,Saturday,
9,4-Oct-09,Partner's Bar & Grill," Open Mic Nite",Huntsville,Sunday,Live Music
11,6-Oct-09,Partner's Bar & Grill,Karoake hosted by DJ Seet T,Huntsville,Tuesday,Karaoke
12,7-Oct-09,Partner's Bar & Grill,College Night Dancing/DJ ,Huntsville,Wednesday,DJ
13,8-Oct-09,Partner's Bar & Grill,Karaoke and Dance w/DJ Sweet T  ,Huntsville,Thursday,Karaoke
14,9-Oct-09,Partner's Bar & Grill,Partner's Cabaret Show ,Huntsville,Friday,Live Music
15,10-Oct-09,Partner's Bar & Grill,Pride of Kings Show,Huntsville,Saturday,Live Music
16,11-Oct-09,Partner's Bar & Grill,Open Mic Nite,Huntsville,Sunday,Live Music
17,12-Oct-09,Partner's Bar & Grill,Karaoke  hosted by DJ Sweet T (9pm-2am)  ,Huntsville,Tuesday,Karaoke
18,13-Oct-09,Partner's Bar & Grill,College Night Dancing/DJ ,Huntsville,Wednesday,DJ
1,26-Sep-09,Sam and Gregs,Dylan Sneed,Huntsville,Friday,Live Music
0,25-Sep-09,Sandy's Roadhouse (Guntersville),Karaoke Contest,Huntsville,Friday,Karaoke
1,26-Sep-09,Sandy's Roadhouse (Guntersville),Karaoke,Huntsville,Saturday,Karaoke
3,28-Sep-09,Sandy's Roadhouse (Guntersville),Karaoke,Guntersville,Monday,Karaoke
4,29-Sep-09,Sandy's Roadhouse (Guntersville),Karaoke,Guntersville,Tuesday,Karaoke
5,30-Sep-09,Sandy's Roadhouse (Guntersville),Karaoke Contest,Guntersville,Wednesday,Karaoke
6,1-Oct-09,Sandy's Roadhouse (Guntersville),Karaoke Contest,Guntersville,Thursday,Karaoke
7,2-Oct-09,Sandy's Roadhouse (Guntersville),Karaoke Contest,Guntersville,Friday,Karaoke
8,3-Oct-09,Sandy's Roadhouse (Guntersville),Karaoke,Guntersville,Saturday,Karaoke
10,5-Oct-09,Sandy's Roadhouse (Guntersville),Karaoke,Guntersville,Monday,Karaoke
11,6-Oct-09,Sandy's Roadhouse (Guntersville),Karaoke,Guntersville,Tuesday,Karaoke
12,7-Oct-09,Sandy's Roadhouse (Guntersville),Karaoke Contest,Guntersville,Wednesday,Karaoke
13,8-Oct-09,Sandy's Roadhouse (Guntersville),Karaoke Contest,Guntersville,Thursday,Karaoke
14,9-Oct-09,Sandy's Roadhouse (Guntersville),Karaoke Contest,Guntersville,Friday,Karaoke
15,10-Oct-09,Sandy's Roadhouse (Guntersville),Karaoke,Guntersville,Saturday,Karaoke
17,12-Oct-09,Sandy's Roadhouse (Guntersville),Karaoke,Guntersville,Monday,Karaoke
18,13-Oct-09,Sandy's Roadhouse (Guntersville),Karaoke,Guntersville,Tuesday,Karaoke
19,14-Oct-09,Sandy's Roadhouse (Guntersville),Karaoke,Guntersville,Wednesday,Karaoke
20,15-Oct-09,Sandy's Roadhouse (Guntersville),Karaoke Contest,Guntersville,Thursday,Karaoke
21,16-Oct-09,Sandy's Roadhouse (Guntersville),Karaoke Contest,Guntersville,Friday,Karaoke
22,17-Oct-09,Sandy's Roadhouse (Guntersville),Karaoke Contest,Guntersville,Saturday,Karaoke
-1,24-Sep-09,Sandy's Roadhouse (Guntersville),Karaoke,Guntersville,Thursday,Karaoke
0,25-Sep-09,Sports Page,Afterparty for the Jam,Huntsville,Friday,Live Music
1,26-Sep-09,Sports Page,Afterparty for the Jam,Huntsville,Saturday,Live Music
2,27-Sep-09,Sports Page,Live Music,Huntsville,Sunday,Live Music
3,28-Sep-09,Sports Page,Dave Anderson,Huntsville,Monday,Live Music
4,29-Sep-09,Sports Page,Live Music,Huntsville,Tuesday,Live Music
5,30-Sep-09,Sports Page,Rob Aldridge,Huntsville,Wednesday,Live Music
6,1-Oct-09,Sports Page,Five O'clock Charlie,Huntsville,Thursday,Live Music
7,2-Oct-09,Sports Page,Bridges Burn/ Beitthemeans,Huntsville,Friday,Live Music
8,3-Oct-09,Sports Page,Smokin Guns,Huntsville,Saturday,Live Music
9,4-Oct-09,Sports Page,Live Music,Huntsville,Sunday,Live Music
10,5-Oct-09,Sports Page,Dave Anderson,Huntsville,Monday,Live Music
11,6-Oct-09,Sports Page,Chelvis and the Bean,Huntsville,Tuesday,Live Music
12,7-Oct-09,Sports Page,4 guys on a couch,Huntsville,Wednesday,Live Music
13,8-Oct-09,Sports Page,Live Music,Huntsville,Thursday,Live Music
14,9-Oct-09,Sports Page,Seducing Alice,Huntsville,Friday,Live Music
15,10-Oct-09,Sports Page,Live Music,Huntsville,Saturday,Live Music
16,11-Oct-09,Sports Page,Tim Tucker,Huntsville,Sunday,Live Music
17,12-Oct-09,Sports Page,4 guys on a couch,Huntsville,Monday,Live Music
18,13-Oct-09,Sports Page,Live Music,Huntsville,Tuesday,Live Music
19,14-Oct-09,Sports Page,Live Music,Huntsville,Wednesday,Live Music
20,15-Oct-09,Sports Page,Live Music,Huntsville,Thursday,Live Music
21,16-Oct-09,Sports Page,Live Music,Huntsville,Friday,Live Music
22,17-Oct-09,Sports Page,Live Music,Huntsville,Saturday,Live Music
-1,24-Sep-09,Sports Page,5ive O'clock Charlie,Huntsville,Thursday,Live Music
-1,24-Sep-09,The Brick (Decatur),CO Jones,Decatur,Thursday,Live Music
1,26-Sep-09,The Brick (Decatur),Black Label,Decatur,Friday,Live Music
5,30-Sep-09,The Brick (Decatur),Tim Tucker,Decatur,Saturday,Live Music
6,1-Oct-09,The Brick (Decatur),Open-mic,Decatur,Wednesday,Live Music
7,2-Oct-09,The Brick (Decatur),Lava Lamp,Decatur,Thursday,Live Music
8,3-Oct-09,The Brick (Decatur),3 Hour Tour,Decatur,Friday,Live Music
9,4-Oct-09,The Brick (Decatur),Live Music,Decatur,Saturday,Live Music
12,7-Oct-09,The Brick (Decatur),Pat and the Peeps,Decatur,Wednesday,Live Music
13,8-Oct-09,The Brick (Decatur),Frank and Mike,Decatur,Thursday,Live Music
14,9-Oct-09,The Brick (Decatur),Group 6,Decatur,Friday,Live Music
15,10-Oct-09,The Brick (Decatur),The Shakes,Decatur,Saturday,Live Music
19,14-Oct-09,The Brick (Decatur),Mike Roberts,Decatur,Wednesday,Live Music
20,15-Oct-09,The Brick (Decatur),Blagburn,Decatur,Thursday,Live Music
21,16-Oct-09,The Brick (Decatur),Sunday Best,Decatur,Friday,Live Music
22,17-Oct-09,The Brick (Decatur),Wayne Mills Band,Decatur,Saturday,Live Music
-1,24-Sep-09,The Docks (Scottsboro),Trey Browder,Scottsboro,Thursday,Live Music
0,25-Sep-09,The Docks (Scottsboro),Dave Anderson,Scottsboro,Friday,Live Music
6,1-Oct-09,The Docks (Scottsboro),Trey Browder,Scottsboro,Thursday,Live Music
7,2-Oct-09,The Docks (Scottsboro),Dave Anderson,Scottsboro,Friday,Live Music
13,8-Oct-09,The Docks (Scottsboro),Trey Browder,Scottsboro,Thursday,Live Music
14,9-Oct-09,The Docks (Scottsboro),Dave Anderson,Scottsboro,Friday,Live Music
20,15-Oct-09,The Docks (Scottsboro),Trey Browder,Scottsboro,Thursday,Live Music
-1,24-Sep-09,The Nook,Herb Alpert and The Tijuana Brass,Huntsville,Thursday,Live Music
1,26-Sep-09,The Nook,Dead Guys Classic  Blues,Huntsville,Saturday,Live Music
5,30-Sep-09,The Nook,Memphis Slim and Otis Spann,Huntsville,Wednesday,Live Music
-1,24-Sep-09,The Station,Proton Joe,Huntsville,Thursday,Live Music
0,25-Sep-09,The Station,Peeping Tom,Huntsville,Friday,Live Music
1,26-Sep-09,The Station,Red Letters,Huntsville,Saturday,Live Music
5,30-Sep-09,The Station,Shake,Huntsville,Wednesday,Live Music
6,1-Oct-09,The Station,Straightforward,Huntsville,Thursday,Live Music
7,2-Oct-09,The Station,Uforia,Huntsville,Friday,Live Music
8,3-Oct-09,The Station,Red Letters,Huntsville,Saturday,Live Music
11,6-Oct-09,The Station,Karaoke,Huntsville,Tuesday,Karaoke
13,8-Oct-09,The Station,Radio Tremmors,Huntsville,Thursday,Live Music
14,9-Oct-09,The Station,Black eyed Susan,Huntsville,Friday,Live Music
15,10-Oct-09,The Station,Black Label,Huntsville,Saturday,Live Music
18,13-Oct-09,The Station,Karaoke,Huntsville,Tuesday,Karaoke
20,15-Oct-09,The Station,Shake,Huntsville,Thursday,Live Music
21,16-Oct-09,The Station,Handshake Promise,Huntsville,Friday,Live Music
22,17-Oct-09,The Station,Crush,Huntsville,Saturday,Live Music
-1,24-Sep-09,Voodoo Lounge,Open Mic Night w/ Ben Trussell,Huntsville,ThursdayLive Music,
0,25-Sep-09,Voodoo Lounge,Lance Almon Smith Band,Huntsville,Friday,Live Music
1,26-Sep-09,Voodoo Lounge,Four Door Ramblers,Huntsville,Saturday,Live Music
2,27-Sep-09,Voodoo Lounge,Karaoke w/ DJ Brandon Mac,Huntsville,SundayLive Music,Live Music
4,29-Sep-09,Voodoo Lounge,Dave Anderson,Huntsville,Tuesday,Live Music
5,30-Sep-09,Voodoo Lounge,James Irvin,Huntsville,Wednesday,Live Music
6,1-Oct-09,Voodoo Lounge,Open Mic Night w/Ben Trussell,Huntsville,Thursday,Live Music
7,2-Oct-09,Voodoo Lounge,Fat Momma,Huntsville,Friday,Live Music
8,3-Oct-09,Voodoo Lounge,Dawn Osbourne Trio,Huntsville,SaturdayLive Music,Live Music
9,4-Oct-09,Voodoo Lounge,Karaoke w/ DJ Brandon Mac,Huntsville,Sunday,Live Music
11,6-Oct-09,Voodoo Lounge,Dave Anderson,Huntsville,Tuesday,Live Music
12,7-Oct-09,Voodoo Lounge,James Irvin,Huntsville,Wednesday,Live Music
13,8-Oct-09,Voodoo Lounge,Open Mic Night w/Ben Trussell,Huntsville,Thursday,Live Music
14,9-Oct-09,Voodoo Lounge,Live Music,Huntsville Friday,Friday   ,Live Music
15,10-Oct-09,Voodoo Lounge,Live Music,Huntsville,Saturday,Live Music
16,11-Oct-09,Voodoo Lounge,Live Music,Huntsville,Sunday,Live Music
17,12-Oct-09,Voodoo Lounge,Karaoke w/ DJ Brandon Mac,Huntsville,Monday,Karaoke
18,13-Oct-09,Voodoo Lounge,James Irvin,Huntsville,Tuesday,Live Music
20,15-Oct-09,Voodoo Lounge,Open Mic Night w/Ben Trussell,Huntsville,Thursday,Live Music
21,16-Oct-09,Voodoo Lounge,Live Music,Huntsville,Friday,Live Music
22,17-Oct-09,Voodoo Lounge,Live Music,Huntsville,Saturday,Live Music
7,2-Oct-09,"Walking Horse Hotel (Wartrace, TN)","Mystery Trip Band, Beatles Revue","Wartrace, TN",Friday,Live Music
15,10-Oct-09,"Walking Horse Hotel (Wartrace, TN)",The Midnight Special Band††† ,"Wartrace, TN",Saturday,Live Music
22,17-Oct-09,"Walking Horse Hotel (Wartrace, TN)",Anna Wilson and Monty Powell ,"Wartrace, TN",Saturday,Live Music
-1,24-Sep-09,Whiskey's ,Smokin Guns,Huntsville,Thursday,Live Music
0,25-Sep-09,Whiskey's ,"Big Nick's Birthday Bash w/ Ryan O'conner, 40oz Midget, and Chronic Furry",Huntsville,Friday,Live Music
1,26-Sep-09,Whiskey's ,Big Spring Jam After Party w/ Angry Native and NCAA Tailgate Party,Huntsville,Saturday,Live Music
7,2-Oct-09,Whiskey's ,Hoss Fly,Huntsville,Friday,Live Music
8,3-Oct-09,Whiskey's ,Rearview Ghosts and November,Huntsville,Saturday,Live Music
14,9-Oct-09,Whiskey's ,Live Music,Huntsville,Friday,Live Music
15,10-Oct-09,Whiskey's ,Live Music,Huntsville,Saturday,Live Music
21,16-Oct-09,Whiskey's ,Live Music,Huntsville,Friday,Live Music
22,17-Oct-09,Whiskey's ,Live Music,Huntsville ,Saturday,Live Music
8,3-Oct-09,FYE (Decatur),The Brightside Suicides with The†Barnstormers( See ad pg.),,Saturday,Live Music