,7/2/09,,,,,
,Date,Venue,Event,City,Day,Category
0,2-Jul-09,11th Frame Bar,Karaoke,Madison,Thursday,Live Music
1,3-Jul-09,11th Frame Bar,Karaoke,Madison,Friday,Karaoke
7,9-Jul-09,11th Frame Bar,Karaoke,Madison,Thursday,Karaoke
8,10-Jul-09,11th Frame Bar,Karaoke,Madison,Friday,Karaoke
14,16-Jul-09,11th Frame Bar,Karaoke,Madison,Thursday,Karaoke
15,17-Jul-09,11th Frame Bar,Karaoke,Madison,Friday,Karaoke
21,23-Jul-09,11th Frame Bar,Karaoke,Madison,Friday,Karaoke
22,24-Jul-09,11th Frame Bar,Karaoke,Madison,Saturday,Karaoke
6,8-Jul-09,3rd Base Grill,David Anderson 9 p.m.-1 a.m.,Huntsville,Wednesday,Live Music
15,15-Jul-09,3rd Base Grill,David Anderson 9 p.m.-1 a.m.,Huntsville,Wednesday,Live Music
20,22-Jul-09,3rd Base Grill,David Anderson 9 p.m.-1 a.m.,Huntsville,Wednesday,Live Music
1,3-Jul-09,801 Franklin,Patio Party,Huntsville,Friday,Live Music
8,10-Jul-09,801 Franklin,Juice,Huntsville,Friday,Live Music
9,11-Jul-09,801 Franklin,Bruce Lyon,Huntsville,Saturday,Live Music
15,17-Jul-09,801 Franklin,Humbolt,Huntsville,Friday,Live Music
16,"July 18,2009",801 Franklin,Jim Cavender,Huntsville,Saturday,Live Music
22,"July 24,2009",801 Franklin,The Carson Duvall Project,,Friday,
23,25-Jul-09,801 Franklin,Christina Lynn and Chuck Rutenburg Huntsville ,,Saturday,
29,31-Jul-09,801 Franklin,Kim Coffey and Donna Cox,Huntsville,Friday,
0,2-Jul-09,Bandito Burrito (South Pkwy),Dave Anderson,Huntsville,Thursday,Live Music
1,3-Jul-09,Bandito Burrito (South Pkwy),Lisa Busler,Huntsville,Friday,Live Music
2,4-Jul-09,Bandito Burrito (South Pkwy),Live Music,Huntsville,Saturday,Live Music
3,5-Jul-09,Bandito Burrito (South Pkwy),Live Music,Huntsville,Sunday,Live Music
4,6-Jul-09,Bandito Burrito (South Pkwy),Christian James ,Huntsville,Monday,Live Music
5,7-Jul-09,Bandito Burrito (South Pkwy),Marge,Huntsville,Tuesday,Karaoke
6,8-Jul-09,Bandito Burrito (South Pkwy),Microwave Dave,Huntsville,Wednesday,Live Music
7,9-Jul-09,Bandito Burrito (South Pkwy),Live Music,Huntsville,Thursday,Live Music
8,10-Jul-09,Bandito Burrito (South Pkwy),Live Music,Huntsville,Friday,Live Music
9,11-Jul-09,Bandito Burrito (South Pkwy),Live Music,Huntsville,Saturday,Live Music
10,12-Jul-09,Bandito Burrito (South Pkwy),Live Music,Huntsville,Sunday,Live Music
11,13-Jul-09,Bandito Burrito (South Pkwy),Christian James ,Huntsville,Monday,Karaoke
12,14-Jul-09,Bandito Burrito (South Pkwy),Marge Loveday,Huntsville,Tuesday,Live Music
13,15-Jul-09,Bandito Burrito (South Pkwy),Microwave Dave,Huntsville,Wednesday,Live Music
14,16-Jul-09,Bandito Burrito (South Pkwy),Tim Tucker,Huntsville,Thursday,Live Music
15,17-Jul-09,Bandito Burrito (South Pkwy),Shametown,Huntsville,Friday,Live Music
16,18-Jul-09,Bandito Burrito (South Pkwy),Live Music,Huntsville,Saturday,Live Music
17,19-Jul-09,Bandito Burrito (South Pkwy),Live Music,Huntsville,Sunday,Karaoke
18,20-Jul-09,Bandito Burrito (South Pkwy),Christian James ,Huntsville,Monday,Live Music
19,21-Jul-09,Bandito Burrito (South Pkwy),Marge Loveday,Huntsville,Tuesday,Live Music
20,22-Jul-09,Bandito Burrito (South Pkwy),Microwave Dave,Huntsville,Wednesday,Live Music
21,23-Jul-09,Bandito Burrito (South Pkwy),,,Thursday,
22,24-Jul-09,Bandito Burrito (South Pkwy),Ant and Andrew,,Friday,
23,25-Jul-09,Bandito Burrito (South Pkwy),Silverstreak,,Saturday,
24,26-Jul-09,Bandito Burrito (South Pkwy),Live Music,,Sunday,
25,27-Jul-09,Bandito Burrito (South Pkwy),Christian James ,,Monday,
26,28-Jul-09,Bandito Burrito (South Pkwy),Marge Loveday,,Tuesday,
27,29-Jul-09,Bandito Burrito (South Pkwy),Microwave Dave,,Wednesday,
28,30-Jul-09,Bandito Burrito (South Pkwy),Dave Anderson,,Thursday,
29,31-Jul-09,Bandito Burrito (South Pkwy),Hot Soup,,Friday,
0,2-Jul-09,Benchwarmer,Karaoke,Huntsville,Thursday,Karaoke
1,3-Jul-09,Benchwarmer,Live Music,Huntsville,Friday,Live Music
2,4-Jul-09,Benchwarmer,Live Music,Huntsville,Saturday,Live Music
7,9-Jul-09,Benchwarmer,Karaoke,Huntsville,Thursday,Karaoke
8,10-Jul-09,Benchwarmer,Live Music,Huntsville,Friday,Karaoke
9,11-Jul-09,Benchwarmer,Karaoke,Huntsville,Saturday,Karaoke
14,16-Jul-09,Benchwarmer,Karaoke,Huntsville,Thursday,Karaoke
15,17-Jul-09,Benchwarmer,Karaoke,Huntsville,Friday,Karaoke
16,18-Jul-09,Benchwarmer,Karaoke,Huntsville,Saturday,Karaoke
2,4-Jul-09,Benchwarmer Too,Live Music,Huntsville,Saturday,DJ
9,11-Jul-09,Benchwarmer Too,Live Music,Huntsville,Saturday,Live Music
16,18-Jul-09,Benchwarmer Too,Live Music,Huntsville,Saturday,Live Music
23,25-Jul-09,Benchwarmer Too,Live Music,Huntsville,Saturday,Live Music
1,3-Jul-09,Black Water Hattie's,Gryphon,Huntsville,Friday,Live Music
2,4-Jul-09,Black Water Hattie's,Live Music,Huntsville,Saturday,Live Music
3,5-Jul-09,Black Water Hattie's,Big Daddy King Fish,Huntsville,Sunday,Live Music
8,10-Jul-09,Black Water Hattie's,Tin Penny,Huntsville,Friday,Live Music
9,11-Jul-09,Black Water Hattie's,Live Music,Huntsville,Saturday,Live Music
10,12-Jul-09,Black Water Hattie's,CO Jones,Huntsville,Sunday,Live Music
15,17-Jul-09,Black Water Hattie's,La Grange,Huntsville,Friday,Live Music
16,18-Jul-09,Black Water Hattie's,Ricky Carden,Huntsville,Saturday,Live Music
17,19-Jul-09,Black Water Hattie's,Hot Soup,Huntsville,Sunday,Live Music
22,24-Jul-09,Black Water Hattie's,Sidewinder,Huntsville,Friday,Live Music
23,25-Jul-09,Black Water Hattie's,Ant and Andrew,Huntsville,Saturday,
24,26-Jul-09,Black Water Hattie's,Microwave Dave and the Nukes,,Sunday,
29,"July 31,2009",Black Water Hattie's,Ben Trussell and the bent Russell/s ,Huntsville,Friday,
30,1-Aug-09,Black Water Hattie's,Ricky Carden,Huntsvlle Saturday,,
31,2-Aug-09,Black Water Hattie's,Four Door Ramblers,Huntsville Sunday,,
0,2-Jul-09,Blue Parrot  (Guntersville),Carson Duvall,Guntersville,Thursday,Live Music
1,3-Jul-09,Blue Parrot  (Guntersville),Calico Crow,Guntersville,Friday,Live Music
2,4-Jul-09,Blue Parrot  (Guntersville),Calico Crow,Guntersville,Saturday,Live Music
5,7-Jul-09,Blue Parrot  (Guntersville),Tim Jennings Carr,Guntersville,Tuesday,Live Music
6,8-Jul-09,Blue Parrot  (Guntersville),Bike Night w/Humboldt,Guntersville,Wednesday,Live Music
7,9-Jul-09,Blue Parrot  (Guntersville),Johnny Walker 3,Guntersville,Thursday,Live Music
8,10-Jul-09,Blue Parrot  (Guntersville),Bishop Black,Guntersville,Friday,Live Music
9,11-Jul-09,Blue Parrot  (Guntersville),4 Door Rambler,Guntersville,Saturday,Live Music
12,14-Jul-09,Blue Parrot  (Guntersville),Brad Cornelius,Guntersville,Tuesday,Live Music
13,15-Jul-09,Blue Parrot  (Guntersville),Bike Night..Mike and Catherine,Guntersville,Wednesday,Live Music
14,16-Jul-09,Blue Parrot  (Guntersville),Southstreet,Guntersville,Thursday,Live Music
15,17-Jul-09,Blue Parrot  (Guntersville),Bonefied,Guntersville,Friday,Live Music
16,18-Jul-09,Blue Parrot  (Guntersville),Eric and the Idols,Guntersville,Saturday,Live Music
19,21-Jul-09,Blue Parrot  (Guntersville),Ben Trussell Trio,Guntersville,Tuesday,Live Music
20,22-Jul-09,Blue Parrot  (Guntersville),Bike Night- Tim Jennings Carr,Guntersville,Wednesday,Live Music
21,23-Jul-09,Blue Parrot  (Guntersville),Polar Opposite,Guntersville,Thursday,Live Music
22,24-Jul-09,Blue Parrot  (Guntersville),Jason Albert Band,Guntersville,Friday,Live Music
23,25-Jul-09,Blue Parrot  (Guntersville),Jason Albert Band,Guntersville,Saturday,Live Music
26,28-Jul-09,Blue Parrot  (Guntersville),Brad Cornelius,Guntersville,Tuesday,
27,29-Jul-09,Blue Parrot  (Guntersville),Bike Night..Kevin and Kyle,Guntersville,Wednesday,
28,30-Jul-09,Blue Parrot  (Guntersville),Humbolt,Guntersville,Thursday,
29,31-Jul-09,Blue Parrot  (Guntersville),Full Circle,Guntersville,Thursday,Live Music
0,2-Jul-09,Boondock's (Guntersville),Karaoke,Guntersville,Thursday,Karaoke
1,3-Jul-09,Boondock's (Guntersville),Triple X,Guntersville,Friday,Live Music
2,4-Jul-09,Boondock's (Guntersville),Travis Posey Trio,Guntersville,Saturday,Live Music
7,9-Jul-09,Boondock's (Guntersville),Cooper and Pope,Guntersville,Thursday,Karaoke
8,10-Jul-09,Boondock's (Guntersville),Mix Tape,Guntersville,Friday,Live Music
9,11-Jul-09,Boondock's (Guntersville),Phucket Liquid X,Guntersville,Saturday,Live Music
14,16-Jul-09,Boondock's (Guntersville),Live Music,Guntersville,Thursday,Karaoke
15,17-Jul-09,Boondock's (Guntersville),Flat Busted Band,Guntersville,Friday,Live Music
16,18-Jul-09,Boondock's (Guntersville),Flat Busted Band,Guntersville,Saturday,Live Music
21,23-Jul-09,Boondock's (Guntersville),Karaoke,Guntersville,Thursday,Karaoke
22,24-Jul-09,Boondock's (Guntersville),C.O. Jones,Guntersville,Friday,Karaoke
23,25-Jul-09,Boondock's (Guntersville),Cooper and Pope,Guntersville,Saturday,Live Music
5,7-Jul-09,Bridge Street,Live Music 6-8pm,Huntsville,Tuesday,Live Music
12,14-Jul-09,Bridge Street,Live Music 6-8pm,Huntsville,Tuesday,Live Music
19,21-Jul-09,Bridge Street,Live Music 6-8pm,Huntsville,Tuesday,Live Music
1,3-Jul-09,Cafe 113 (Decatur),Tim Tucker,Decatur,Friday,Live Music
8,10-Jul-09,Cafe 113 (Decatur),Tim Tucker,Decatur,Friday,Live Music
15,17-Jul-09,Cafe 113 (Decatur),Tim Tucker,Decatur,Friday,Live Music
22,"July 24,2009",Cafe 113 (Decatur),Tim Tucker,Decatur,Friday,Live Music
1,3-Jul-09,Casa Montego,Reggae & More with DJ Roger,Huntsville,Friday,DJ
5,7-Jul-09,Casa Montego,Live Jazz featuring Devere Pride Trio and Friends (7-10:30),Huntsville,Sunday,Live Music
8,10-Jul-09,Casa Montego,Reggae & More with DJ Roger,Huntsville,Friday,DJ
10,12-Jul-09,Casa Montego,Live Jazz featuring Devere Pride Trio and Friends (7-10:30),Huntsville,Sunday,Live Music
15,17-Jul-09,Casa Montego,Reggae & More with DJ Roger,Huntsville,Friday,DJ
17,19-Jul-09,Casa Montego,Live Jazz featuring Devere Pride Trio and Friends (7-10:30),Huntsville,Sunday,Live Music
22,24-Jul-09,Casa Montego,Reggae & More with DJ Roger,Huntsville,Friday,DJ
24,26-Jul-09,Casa Montego,Live Jazz featuring Devere Pride Trio and Friends (7-10:30),Huntsville,Sunday,Live Music
2,4-Jul-09,Cazadeores,Live Music,Owens Crossroads,Saturday,Live Music
6,8-Jul-09,Cazadeores,Open Mic Hosted by Scott Morgan,Owens Crossroads,Wednesday,Live Music
9,11-Jul-09,Cazadeores,Live Music,Owens Crossroads,Saturday,Live Music
13,15-Jul-09,Cazadeores,Open Mic Hosted by Scott Morgan,Owens Crossroads,Wednesday,Live Music
16,18-Jul-09,Cazadeores,Live Music,Owens Crossroads,Saturday,Live Music
20,22-Jul-09,Cazadeores,Open Mic Hosted by Scott Morgan,Owens Crossroads,Wednesday,Live Music
23,25-Jul-09,Cazadeores,Live Music,Owens Crossroads,Saturday,Live Music
0,2-Jul-09,Club Ozz,Karaoke w/ Brandon,Huntsville,Thursday,Karaoke
1,3-Jul-09,Club Ozz,Divas of Illusion w/DJ Shell,Huntsville,Friday,Karaoke
2,4-Jul-09,Club Ozz,Divas of Illusion w/DJ Shell,Huntsville,Saturday,Karaoke
3,5-Jul-09,Club Ozz,DJ Matt Play,Huntsville,Sunday,Karaoke
7,9-Jul-09,Club Ozz,Karaoke w/ Brandon,Huntsville,Thursday,Karaoke
8,10-Jul-09,Club Ozz,Divas of Illusion w/DJ Shell,Huntsville,Friday,Karaoke
9,11-Jul-09,Club Ozz,Divas of Illusion w/DJ Shell,Huntsville,Saturday,Karaoke
10,12-Jul-09,Club Ozz,DJ Matt Play,Huntsville,Sunday,Karaoke
14,16-Jul-09,Club Ozz,Karaoke w/ Brandon,Huntsville,Thursday,Karaoke
15,17-Jul-09,Club Ozz,Divas of Illusion w/DJ Shell,Huntsville,Friday,Karaoke
16,18-Jul-09,Club Ozz,Divas of Illusion w/DJ Shell,Huntsville,Saturday,Karaoke
17,19-Jul-09,Club Ozz,DJ Matt Play,Huntsville,Sunday,Karaoke
21,23-Jul-09,Club Ozz,Karaoke w/ Brandon,Huntsville,Thursday,Karaoke
22,24-Jul-09,Club Ozz,Divas of Illusion w/DJ Shell,Huntsville,Friday,Karaoke
23,25-Jul-09,Club Ozz,Male Strippers,Huntsville,Saturday,Karaoke
24,26-Jul-09,Club Ozz,DJ Matt Play,Huntsville,Sunday,Karaoke
0,2-Jul-09,Coffeetree Books & Brew  (See ad pg. ),Randy Duck's Salute to America,Huntsville,Thursday,Live Music
6,8-Jul-09,Coffeetree Books & Brew,Songwriter's Jam (7pm),,Wednesday,
8,10-Jul-09,Coffeetree Books & Brew  (See ad pg. ),Two Old Men and Some More Songs,Huntsville,Friday,Live Music
9,"July 11,2009",Coffeetree Books & Brew (See ad pg.),Open-Mic Night,HuntsvilleSaturday,Saturday,
11,13-Jul-09,Coffeetree Books & Brew (See ad pg.),Songwriter's Jam (7pm),,Monday,
15,17-Jul-09,Coffeetree Books & Brew  (See ad pg. ),Live Music,Huntsville ,Wednesday,Live Music
16,18-Jul-09,Coffeetree Books & Brew  (See ad pg. ),Open Mic-Night,Huntsville ,Friday,Live Music
20,22-Jul-09,Coffeetree Books & Brew  (See ad pg. ),Songwriter's Jam (7pm),Huntsville,Wednesday,Live Music
22,24-Jul-09,Coffeetree Books & Brew (See ad pg.),Live Music,Huntsville,Friday,
23,25-Jul-09,Coffeetree Books & Brew  (See ad pg. ),Open-Mic Night,Huntsville,Saturday,Live Music
27,29-Jul-09,Coffeetree Books & Brew  (See ad pg. ),Songwriter's Jam (7pm),Huntsville,Wednesday,Live Music
30,1-Aug-09,Coffeetree Books & Brew  (See ad pg. ),Open-Mic Night,Huntsville,Saturday,Live Music
1,3-Jul-09,Coppertop (See ad pg.),Live Music,Huntsville,Friday,Karaoke
5,7-Jul-09,Coppertop (See ad pg.),HDK Karaoke with Howie,Huntsville,Tuesday,Karaoke
8,10-Jul-09,Coppertop (See ad pg.),Live Music,Huntsville,Friday,Live Music
12,14-Jul-09,Coppertop (See ad pg.),HDK Karaoke with Howie,Huntsville,Tuesday,Karaoke
15,17-Jul-09,Coppertop (See ad pg.),Live Music,Huntsville,Friday,Karaoke
19,21-Jul-09,Coppertop (See ad pg.),HDK Karaoke with Howie,Huntsville,Tuesday,Karaoke
22,24-Jul-09,Coppertop (See ad pg.),Live Music,Huntsville,Friday,Live Music
0,2-Jul-09,Crossroads (See ad pg. ),Live Music,Huntsville,Thursday,Live Music
1,3-Jul-09,Crossroads (See ad pg. ),1st Fridays ,Huntsville,Friday,Live Music
2,4-Jul-09,Crossroads (See ad pg. ),Live Music,Huntsville,Saturday,Live Music
7,9-Jul-09,Crossroads (See ad pg. ),Live Music,Huntsville,Thursday,Live Music
8,10-Jul-09,Crossroads (See ad pg. ),The Decoys,Huntsville,Friday,Live Music
9,11-Jul-09,Crossroads (See ad pg. ),Paul Thorn Band,Huntsville,Saturday,Live Music
14,16-Jul-09,Crossroads (See ad pg. ),Big Wooly Mammoth (Widespread Panic Tribute Band,Huntsville,Thursday,Live Music
15,17-Jul-09,Crossroads (See ad pg. ),Live Music,Huntsville,Friday,Live Music
16,18-Jul-09,Crossroads (See ad pg. ),Live Music,Huntsville,Saturday,Live Music
21,23-Jul-09,Crossroads (See ad pg. ),Live Music,Huntsville,Friday,Live Music
22,24-Jul-09,Crossroads (See ad pg. ),Pine Hill Haints,Huntsville,Saturday,Live Music
23,25-Jul-09,Crossroads (See ad pg. ),Kiss Army ,,,
0,2-Jul-09,El Dorado Mex Grill,Raul Mejia,Huntsville,Thursday,Live Music
1,3-Jul-09,El Dorado Mex Grill,Raul Mejia,Huntsville,Friday,Live Music
7,9-Jul-09,El Dorado Mex Grill,Raul Mejia,Huntsville,Thursday,Live Music
8,10-Jul-09,El Dorado Mex Grill,Raul Mejia,Huntsville,Friday,Live Music
14,16-Jul-09,El Dorado Mex Grill,Raul Mejia,Huntsville,Thursday,Live Music
15,17-Jul-09,El Dorado Mex Grill,Raul Mejia,Huntsville,Friday,Live Music
21,23-Jul-09,El Dorado Mex Grill,Raul Mejia,Huntsville,Thursday,Live Music
22,24-Jul-09,El Dorado Mex Grill,Raul Mejia,Huntsville,Friday,Live Music
1,3-Jul-09,El Herradura,Edgar  ,Huntsville,Friday,Live Music
8,10-Jul-09,El Herradura,Edgar  ,Huntsville,Friday,Live Music
15,17-Jul-09,El Herradura,Edgar  ,Huntsville,Friday,Live Music
22,"July 24,2009",El Herradura,Edgar  ,Huntsville,Friday,Live Music
,4-Jul-09,Finnegan's Pub,Dave Merriman,Huntsville,Saturday,Live Music
5,7-Jul-09,Finnegan's Pub,Dave Merriman,Huntsville,Tuesday,Live Music
7,9-Jul-09,Finnegan's Pub,Slip Jig,Huntsville,Thursday,Live Music
8,10-Jul-09,Finnegan's Pub,Slip Jig,,,
9,"July 11,2009",Finnegan's Pub,Dave Merriman,Huntsville,Saturday,Live Music
12,14-Jul-09,Finnegan's Pub,Dave Merriman,Huntsville,Tuesday,Live Music
14,16-Jul-09,Finnegan's Pub,Slip Jig,Huntsville,Thursday,Live Music
16,"July 18,2009",Finnegan's Pub,Dave Merriman,Huntsville,Saturday,Live Music
19,21-Jul-09,Finnegan's Pub,Dave Merriman,Huntsville,Tuesday,Live Music
21,"July 23,2009",Finnegan's Pub,Slip Jig,Huntsville,Thursday,Live Music
23,25-Jul-09,Finnegan's Pub,Dave Merriman,,Saturday,
1,3-Jul-09,Flying Monkey Arts Center,Monkey Speak (open mic),Huntsville Saturday Live Music,Friday,
2,4-Jul-09,Flying Monkey Arts Center,Artist Market,,Saturday,
3,5-Jul-09,Flying Monkey Arts Center,"Rolling Jazz Revue (7pm, $5)",,Sunday,
8,10-Jul-09,Flying Monkey Arts Center,Ecstatic Voices,,Friday,
9,"July 11,2009",Flying Monkey Arts Center,Huntsville Swing Dance Society,,Saturday,
15,17-Jul-09,Flying Monkey Arts Center,"The Slow Poisoner, Barnstormers,",,Friday,
19,21-Jul-09,Flying Monkey Arts Center,"Trio El Camino, CJB Horns",,Tuesday,
24,26-Jun-09,Flying Monkey Arts Center,"Spirit & Dust, Admission $5 (7pm)",Hunstville,Saturday,
1,3-Jul-09,Furniture Factory,Ben Trussell Trio,Huntsville,Friday,Live Music
6,"July 8,2009",Furniture Factory,Chuck Rutenburg and ChristinaLynn,Huntsville,Wednesday,Live Music
8,10-Jul-09,Furniture Factory,Relayer,Huntsville,Friday,Live Music
9,11-Jul-09,Furniture Factory,Rob Aldridge,,Saturda,
13,15-Jul-09,Furniture Factory,Juice,Huntsville,Wednesday,
15,17-Jul-09,Furniture Factory,Second Hand Lincoln,Huntsville,Friday,Live Music
16,18-Jul-09,Furniture Factory,Rob Aldridge,Huntsville,Saturday,Live Music
20,22-Jul-09,Furniture Factory,Live Music,Huntsville,Wednesday,
22,24-Jul-09,Furniture Factory,Reese Rushton/ Hashbrowns,Huntsville,Friday,Live Music
23,25-Jul-09,Furniture Factory,Rob Aldridge,,Saturday,
1,3-Jul-09,Geno's Pub (Decatur),Karaoke,Decatur,Friday,Karaoke
4,6-Jul-09,Geno's Pub (Decatur),Karaoke,Decatur,Monday,Karaoke
8,"July 10,2009",Geno's Pub (Decatur),Karaoke,Decatur,Friday,Karaoke
11,13-Jul-09,Geno's Pub (Decatur),Karaoke,Decatur,Monday,Karaoke
15,17-Jul-09,Geno's Pub (Decatur),Karaoke,Decatur,Friday,Karaoke
18,20-Jul-09,Geno's Pub (Decatur),Karaoke,Decatur,Monday,Live Music
22,"July 24,2009",Geno's Pub (Decatur),Karaoke,Decatur,Friday,Karaoke
0,2-Jul-09,Glass's Cocktails and Grill (Decatur),Chad Reeves,Decatur,Thursday,Live Music
1,3-Jul-09,Glass's Cocktails and Grill (Decatur),Rodeo Truckers,Decatur,Friday,Live Music
2,4-Jul-09,Glass's Cocktails and Grill (Decatur),Two Days Gone,Decatur,Saturday,Live Music
4,6-Jul-09,Glass's Cocktails and Grill (Decatur),Karaoke w/DJ Jeff,Decatur,Monday,Karaoke
5,7-Jul-09,Glass's Cocktails and Grill (Decatur),Wild Ride,Decatur,Tuesday,Live Music
6,8-Jul-09,Glass's Cocktails and Grill (Decatur),Karaoke w/Louis,Decatur,Wednesday,Karaoke
7,9-Jul-09,Glass's Cocktails and Grill (Decatur),Chad Reeves,Decatur,Thursday,Live Music
8,10-Jul-09,Glass's Cocktails and Grill (Decatur),Rodeo Truckers,Decatur,Friday,Live Music
9,11-Jul-09,Glass's Cocktails and Grill (Decatur),Stop the Car,Decatur,Saturday,Live Music
11,13-Jul-09,Glass's Cocktails and Grill (Decatur),Karaoke,Decatur,Monday,Karaoke
12,14-Jul-09,Glass's Cocktails and Grill (Decatur),MayDay,Decatur,Tuesday,Live Music
13,15-Jul-09,Glass's Cocktails and Grill (Decatur),Karaoke,Decatur,Wednesday,Karaoke
14,16-Jul-09,Glass's Cocktails and Grill (Decatur),Chad Reeves,Decatur,Thursday,Live Music
15,17-Jul-09,Glass's Cocktails and Grill (Decatur),Rodeo Truckers,Decatur,Friday,Live Music
16,18-Jul-09,Glass's Cocktails and Grill (Decatur),Two Days Gone,Decatur,Saturday,Live Music
18,20-Jul-09,Glass's Cocktails and Grill (Decatur),Karaoke w/DJ Jeff,Decatur,Monday,Karaoke
19,21-Jul-09,Glass's Cocktails and Grill (Decatur),Wild Ride,Decatur,Tuesday,Live Music
20,22-Jul-09,Glass's Cocktails and Grill (Decatur),Karaoke w/Louis,Decatur,Wednesday,Karaoke
21,23-Jul-09,Glass's Cocktails and Grill (Decatur),Chad Reeves,Decatur,Thursday,Live Music
22,24-Jul-09,Glass's Cocktails and Grill (Decatur),Rodeo Truckers,Decatur,Friday,Live Music
23,25-Jul-09,Glass's Cocktails and Grill (Decatur),Stop the Car,Decatur,Saturday,Live Music
0,2-Jul-09,Halftime Bar and Grill,Karaoke w/Larry,Huntsville,Thursday,Karaoke
7,9-Jul-09,Halftime Bar and Grill,Karaoke w/Jimbo,Huntsville,Thursday,Karaoke
14,16-Jul-09,Halftime Bar and Grill,Karaoke w/Larry,Huntsville,Thursday,Karaoke
21,"July 23,2009",Halftime Bar and Grill,Karaoke w/Jimbo,Huntsville,Thursday,Karaoke
28,"July 30,2009",Halftime Bar and Grill,Karaoke w/Larry,Huntsville,Thursday,Karaoke
1,3-Jul-09,Hard Dock Café (Decatur),StraightForward,Decatur,Friday,Live Music
2,4-Jul-09,Hard Dock Café (Decatur),The Breakers,Decatur,Saturday,Live Music
8,10-Jul-09,Hard Dock Café (Decatur),Pla'station ,Decatur,Friday,Live Music
9,11-Jul-09,Hard Dock Café (Decatur),Crush,Decatur,Saturday,
15,17-Jul-09,Hard Dock Café (Decatur),Kozmic Mama,Decatur,Friday,Live Music
16,18-Jul-09,Hard Dock Café (Decatur),StraightForward,Decatur,Saturday,
21,23-Jul-09,Hard Dock Café (Decatur),StraightForward,Decatur,Friday,Live Music
22,24-Jul-09,Hard Dock Café (Decatur),Proton Joe,Decatur,Saturday,Live Music
28,"July 30,2009",Hard Dock Café (Decatur),Full Circle,Decatur,Friday,
29,"July 31,2009",Hard Dock Café (Decatur),Hot Rod Otis,Decatur,Saturday,
1,3-Jul-09,Hog Wild II,Bonified,Huntsville,Friday,Live Music
2,4-Jul-09,Hog Wild II,Bonified,,Saturday,
7,9-Jul-09,Hog Wild II,Karaoke w/ David (8pm-1am),Huntsville,Thursday,Live Music
8,10-Jul-09,Hog Wild II,Bonified,Huntsville,Friday,Live Music
14,16-Jul-09,Hog Wild II,Karaoke w/ David (8pm-1am),Huntsville,Thursday,Live Music
15,17-Jul-09,Hog Wild II,Backwater,Huntsville,Friday,Live Music
16,18-Jul-09,Hog Wild II,Backwater,,Saturday,
21,23-Jul-09,Hog Wild II,Karaoke w/ David (8pm-1am),Huntsville,Thursday,Live Music
22,24-Jul-09,Hog Wild II,Calico Crow,Huntsville,Friday,Live Music
23,25-Jul-09,Hog Wild II,Calico Crow,,Saturday,
29,31-Jul-09,Hog Wild II,Bonified,,Friday,
7,9-Jul-09,Hooters,Bike Night w/ Fat Mamma,Huntsville,Thursday,Live Music
14,16-Jul-09,Hooters,Bike Night w/ The Breakers formerly the Crawlers,Huntsville,Thursday,Live Music
21,23-Jul-09,Hooters,Bike Night w/ Hot Rod Ottis,Huntsville,Thursday,Live Music
28,30-Jul-09,Hooters,Bike Night w/La Grange,,,
0,2-Jul-09,Hopper's,DJ Lil' Ed (8-12),Huntsville,Thursday,DJ
1,3-Jul-09,Hopper's,Peter and the Wolf (8:30),Huntsville,Friday,Live Music
2,4-Jul-09,Hopper's,Peter and the Wolf (8:30),Huntsville,Saturday,Live Music
5,7-Jul-09,Hopper's,Karaoke w/ Miss Lee,Huntsville,Tuesday,Live Music
6,8-Jul-09,Hopper's,Pool Party w/ Peter and the Wolf,Huntsville,Wednesday,DJ
7,9-Jul-09,Hooper's,DJ Lil' Ed (8-12),,Thursday,
8,10-Jul-09,Hopper's,Peter and the Wolf (8:30),Huntsville,Friday,Live Music
9,11-Jul-09,Hopper's,Peter and the Wolf (8:30),Huntsville,Saturday,Live Music
12,14-Jul-09,Hopper's,Karaoke w/ Miss Lee,Huntsville,Tuesday,Live Music
13,15-Jul-09,Hopper's,Pool Party w/ Peter and the Wolf,Huntsville,Wednesday,DJ
14,16-Jul-09,Hopper's,DJ Lil' Ed (8-12),Huntsville,Thursday,Live Music
15,17-Jul-09,Hopper's,Peter and the Wolf (8:30),Huntsville,Friday,Live Music
16,18-Jul-09,Hooper's,Peter and the Wolf (8:30),,Saturday,
19,21-Jul-09,Hopper's,Karaoke w/ Miss Lee,Huntsville,Tuesday,Live Music
20,22-Jul-09,Hopper's,Pool Party w/ Peter and the Wolf,Huntsville,Wednesday,DJ
21,23-Jul-09,Hooper's,DJ Lil' Ed (8-12),,Thursday,
22,24-Jul-09,Hopper's,Peter and the Wolf (8:30),Huntsville,Friday,Live Music
23,25-Jul-09,Hopper's,Peter and the Wolf (8:30),Huntsville,Saturday,Live Music
0,2-Jul-09,Humphrey's Bar & Grill,Juice Trio,Huntsville,Thursday,Live Music
1,3-Jul-09,Humphrey's Bar & Grill,Ben Deignan,Huntsville,Friday,Live Music
4,6-Jul-09,Humphrey's Bar & Grill,Open Mic - Marge Loveday,Huntsville,Monday,Live Music
5,7-Jul-09,Humphrey's Bar & Grill,Tyler Reeve Band,Huntsville,Tuesday,Live Music
6,8-Jul-09,Humphrey's Bar & Grill,Juice,Huntsville,Wednesday,Live Music
7,9-Jul-09,Humphrey's Bar & Grill,Garrett Tucker Band,Huntsville,Thursday,Live Music
8,10-Jul-09,Humphrey's Bar & Grill,Live Music,Huntsville,Friday,Live Music
9,11-Jul-09,Humphrey's Bar & Grill,Block Party w/ Juice Trio,Huntsville,Saturday,
11,13-Jul-09,Humphrey's Bar & Grill,Open Mic w/ Marge Loveday,Huntsville,Monday,Live Music
12,14-Jul-09,Humphrey's Bar & Grill,James Parker,Huntsville,Tuesday,Live Music
13,15-Jul-09,Humphrey's Bar & Grill,Yo' Mama's Big Fat Booty Band,Huntsville,Wednesday,Live Music
14,16-Jul-09,Humphrey's Bar & Grill,Motor City Josh,Huntsville,Thursday,Live Music
15,17-Jul-09,Humphrey's Bar & Grill,Toy Shop,Huntsville,Friday,Live Music
16,18-Jul-09,Humphrey's Bar & Grill,Old Union,Huntsville,Saturday,Live Music
18,20-Jul-09,Humphrey's Bar & Grill,Open Mic w/ Marge Loveday,Huntsville,Monday,Live Music
19,21-Jul-09,Humphrey's Bar & Grill,Watson and Nash,Huntsville,Tuesday,
20,22-Jul-09,Humphrey's Bar & Grill,Scott Holt Band,Huntsville ,Wednesday,
21,23-Jul-09,Humphrey's Bar & Grill,Marge at Large,Huntsville,Thursday,
22,24-Jul-09,Humphrey's Bar & Grill,Crush,Huntsville Friday,,
23,25-Jul-09,Humphrey's Bar & Grill,Black eyed Susan,Huntsville,Saturday,
2,4-Jul-09,Indigo Joe's,Karaoke,Huntsville ,Saturday,Karaoke
9,11-Jul-09,Indigo Joe's,Karaoke,Huntsville ,Saturday,Karaoke
16,18-Jul-09,Indigo Joe's,Karaoke,Huntsville ,Saturday,Karaoke
23,25-Jul-09,Indigo Joe's,Karaoke,Huntsville ,Saturday,Karaoke
0,2-Jul-09,Kaffeeklatsch @Night,Dave Anderson,Huntsville,Thursday,Live Music
1,3-Jul-09,Kaffeeklatsch @Night,Live Music,Huntsville,Friday,Live Music
2,4-Jul-09,Kaffeeklatsch @Night,Dave Anderson,Huntsville,Saturday,Live Music
3,5-Jul-09,Kaffeeklatsch @Night,Sunday Blues Jam,Huntsville,Sunday,Live Music
4,6-Jul-09,Kaffeeklatsch @Night,Acoustic Open Mic hosted by Greg Rowell,,Monday,
5,7-Jul-09,Kaffeeklatsch @Night,Marge and Rob Aldrige,,Wednesday,Live Music
7,9-Jul-09,Kaffeeklatsch @Night,Dave Anderson,Huntsville,Thursday,Live Music
8,10-Jul-09,Kaffeeklatsch @Night,Live Music,Huntsville,Friday,Live Music
9,11-Jul-09,Kaffeeklatsch @Night,Live Music,Huntsville,Saturday,Live Music
10,12-Jul-09,Kaffeeklatsch @Night,Sunday Blues Jam,,Sunday,
11,13-Jul-09,Kaffeeklatsch @Night,Acoustic Open Mic hosted by Greg Rowell,Huntsville,Monday,Live Music
14,16-Jul-09,Kaffeeklatsch @Night,Live Music,,,
15,17-Jul-09,Kaffeeklatsch @Night,Live Music,,,
16,18-Jul-09,Kaffeeklatsch @Night,Live Music,,,
17,19-Jul-09,Kaffeeklatsch @Night,Sunday Blues Jam hosted by Freddy Earl and the Blues Mercenaries,Huntsville,Sunday,Live Music
18,20-Jul-09,Kaffeeklatsch @Night,Acoustic Open Mic hosted by Greg Rowell,Huntsville,Monday,Live Music
21,23-Jul-09,Kaffeeklatsch @Night,Live Music,Huntsville,Friday,Live Music
22,24-Jul-09,Kaffeeklatsch @Night,Live Music,,Satirday,
23,25-Jul-09,Kaffeeklatsch @Night,Dave Anderson,Huntsville,Thursday,Live Music
24,26-Jul-09,Kaffeeklatsch @Night,Sunday Blues Jam hosted by Freddy Earl and the Blues Mercenaries ,Huntsville,Sunday,Live Music
8,10-Jul-09,Lowe Mill,Live Music on the Back Dock,Huntsville,Friday,Live Music
15,17-Jul-09,Lowe Mill,Live Music on the Back Dock,,Friday,
0,2-Jul-09,Lee Ann's,Jason Albert Band,Huntsville,Friday,Live Music
1,3-Jul-09,Lee Ann's,Ben Trussell Band,Huntsville,Saturday,Live Music
5,7-Jul-09,Lee Ann's,Rudy Mockabee,Huntsville,Tuesday,Live Music
6,8-Jul-09,Lee Ann's,Proton Joe,Huntsville,Wednesday,Live Music
7,9-Jul-09,Lee Ann's,Crush,Huntsville,Thursday,Live Music
8,10-Jul-09,Lee Ann's,Full Circle,Huntsville,Friday,Live Music
9,11-Jul-09,Lee Ann's,Second Hand Lincoln,Huntsville,Saturday,Live Music
12,14-Jul-09,Lee Ann's,Rudy Mockabee,Huntsville,Tuesday,Live Music
13,15-Jul-09,Lee Ann's,South Street,Huntsville,Thursday,
14,16-Jul-09,Lee Ann's,Gabe and Newt,Huntsville,Friday,Live Music
15,17-Jul-09,Lee Ann's,Jason Albert Band,Huntsville,Saturday,Live Music
18,20-Jul-09,Lee Ann's,Gryphon,Huntsville,Tuesday,Live Music
19,21-Jul-09,Lee Ann's,Rudy Mockabee,Huntsville,Tuesday,Live Music
20,22-Jul-09,Lee Ann's,Susan's Crush,Huntsville,Thursday,Live Music
21,23-Jul-09,Lee Ann's,Crush,Huntsville,Thursday,Live Music
22,24-Jul-09,Lee Ann's,Full Circle,Huntsville,Friday,
23,25-Jul-09,Lee Ann's,Hot Mix,Huntsville,Saturday,
26,28-Jul-09,Lee Ann's,Rudy Mockabee,Huntsville,Tuesday,
27,29-Jul-09,Lee Ann's,Sons of Sanchez,Huntsville,Wednesday,
28,30-Jul-09,Lee Ann's,Gabe and Newt,Huntsville,Thursday,
29,31-Jul-09,Lee Ann's,Christian Bradley Band,Huntsville,Friday,
1,3-Jul-09,Lisa's Lounge,Karaoke w/Jimbo (8pm-1:30am),Huntsville,Friday,Karaoke
2,4-Jul-09,Lisa's Lounge,Karaoke w/Jimbo (8pm-1:30am),Huntsville,Saturday,Karaoke
6,8-Jul-09,Lisa's Lounge,Karaoke w/Jimbo (7pm)/TalentQuest Contest (8pm),Huntsville,Wednesday,Karaoke
8,10-Jul-09,Lisa's Lounge,Karaoke w/Jimbo ,,,
9,"July 11,2009",Lisa's Lounge,Karaoke w/Jimbo ,,,
13,15-Jul-09,Lisa's Lounge,Karaoke w/Jimbo)Talent Quest,Huntsville,Wednesday,Karaoke
15,18-Jul-09,Lisa's Lounge,Karaoke w/Jimbo (8pm-1:30am),Huntsville,Friday,Karaoke
16,18-Jul-09,Lisa's Lounge,Karaoke w/Jimbo (8pm-1:30am),Huntsville,Saturday,Karaoke
20,"July 22,2009",Lisa's Lounge,Karaoke w/Jimbo (7pm)/TalentQuest Contest,,,
22,25-Jul-09,Lisa's Lounge,Karaoke w/Jimbo (8pm-1:30am),Huntsville,Friday,Karaoke
23,25-Jul-09,Lisa's Lounge,Karaoke w/Jimbo (8pm-1:30am),Huntsville,Saturday,Karaoke
0,3-Jul-09,Mac's Sportsbar and Steakhouse,Live Music,Athens,Thursday,Live Music
1,4-Jul-09,Mac's Sportsbar and Steakhouse,Live Music,Athens,Friday,Live Music
2,4-Jul-09,Mac's Sportsbar and Steakhouse,Remedy,Athens,Saturday,DJ
5,7-Jul-09,Mac's Sportsbar and Steakhouse,Open Mic w/ Trey,Athens,Tuesday,Karaoke
7,10-Jul-09,Mac's Sportsbar and Steakhouse,DJ Chris Slaton,Athens,Thursday,Live Music
8,10-Jul-09,Mac's Sportsbar and Steakhouse,Live Music,Athens,Friday,Live Music
9,"July 11,2009",Mac's Sportsbar and Steakhouse,Live Music,Athens,Saturday,
12,14-Jul-09,Mac's Sportsbar and Steakhouse,Karaoke w/ Doc Rock,Athens,Tuesday,DJ
14,16-Jul-09,Mac's Sportsbar and Steakhouse,DJ Chris Slaton,Athens ,Thursday,Karaoke
15,17-Jul-09,Mac's Sportsbar and Steakhouse,Live Music,Athens,Friday,
16,"July 18,2009",Mac's Sportsbar and Steakhouse,Live Music,Athens,Saturday,
19,21-Jul-09,Mac's Sportsbar and Steakhouse,Open Mic w/ Trey,,Tuesday,
21,23-Jul-09,Mac's Sportsbar and Steakhouse,DJ Chris Slaton,,Thursday,
22,"June 24,2009",Mac's Sportsbar and Steakhouse,Live Music,Athens,Friday,DJ
23,"June 25,2009",Mac's Sportsbar and Steakhouse,Remedy,Athens,Saturday,DJ
1,3-Jul-09,Maria Bonita Grill and Cantina (Decatur) ,Barefeet,Decatur,Saturday,Live Music
6,9-Jul-09,Maria Bonita Grill and Cantina (Decatur) ,Karaoke with JD Pollard,Decatur,Wednesday,Live Music
7,10-Jul-09,Maria Bonita Grill and Cantina (Decatur) ,Karaoke with JD Pollard,Decatur,Thursday,Karaoke
8,"July 10,2009",Maria Bonita Grill and Cantina (Decatur) ,Sound of Silence,Decatur,Friday,Live Music
9,"July 11,2009",Maria Bonita Grill and Cantina (Decatur) ,Kush (Luau Party),Decatur,Friday,
13,16-Jul-09,Maria Bonita Grill and Cantina (Decatur) ,Karaoke with JD Pollard,Decatur,Saturday,Live Music
14,17-Jul-09,Maria Bonita Grill and Cantina (Decatur) ,Karaoke with JD Pollard,Decatur,Thursday,Karaoke
15,21-Jul-09,Maria Bonita Grill and Cantina (Decatur) ,The Letters,Decatur,Friday,Live Music
16,"July 18,2009",Maria Bonita Grill and Cantina (Decatur) ,Triple X,Decatur,Sat,Live Music
19,22-Jul-09,Maria Bonita Grill and Cantina (Decatur) ,Live Music,Decatur,Saturday,Live Music
20,"July 22,2009",Maria Bonita Grill and Cantina (Decatur) ,Karaoke with JD Pollard,Athens,Saturday,Live Music
21,"July 23,2009",Maria Bonita Grill and Cantina (Decatur) ,Karaoke with JD Pollard,,,
22,24-Jul-09,Maria Bonita Grill and Cantina (Decatur) ,Goodspeed,,,
23,25-Jul-09,Maria Bonita Grill and Cantina (Decatur) ,Goodspeed,,,
28,"July 30,2009",Maria Bonita Grill and Cantina (Decatur) ,Karaoke with JD Pollard,,,
29,31-Jul-09,Maria Bonita Grill and Cantina (Decatur) ,Crush,,,
1,3-Jul-09,Moody Monday's,Karaoke,Huntsville,Friday,Karaoke
2,4-Jul-09,Moody Monday's,Karaoke,Huntsville,Saturday,Karaoke
6,8-Jul-09,Moody Monday's,Karaoke,Huntsville,Wednesday,Karaoke
8,10-Jul-09,Moody Monday's,Karaoke,Huntsville,Friday,Karaoke
9,11-Jul-09,Moody Monday's,Karaoke,Huntsville,Saturday,Karaoke
13,15-Jul-09,Moody Monday's,Karaoke,Huntsville,Wednesday,Karaoke
15,17-Jul-09,Moody Monday's,Karaoke,Huntsville,Friday,Karaoke
16,18-Jul-09,Moody Monday's,Karaoke,Huntsville,Saturday,Karaoke
20,22-Jul-09,Moody Monday's,Karaoke,Huntsville,Wednesday,Karaoke
22,24-Jul-09,Moody Monday's,Karaoke,Huntsville,Friday,Karaoke
23,25-Jul-09,Moody Monday's,Karaoke,Huntsville,Saturday,Karaoke
0,2-Jul-09,Olivia's Sports Bar and Grill ,Karaoke (9pm),Huntsville,Thursday,Karaoke
1,3-Jul-09,Olivia's Sports Bar and Grill ,Karaoke (9pm),Huntsville,Friday,Karaoke
2,4-Jul-09,Olivia's Sports Bar and Grill ,Karaoke (9pm),Huntsville,Saturday,Karaoke
3,"July 5,2009",Olivia's Sports Bar and Grill ,Karaoke (9pm),Huntsville,Sunday,Karaoke
6,8-Jul-09,Olivia's Sports Bar and Grill ,Karaoke (9pm),Huntsville,Wednesday,Karaoke
7,9-Jul-09,Olivia's Sports Bar and Grill ,Karaoke (9pm),Huntsville,Thursday,Karaoke
8,10-Jul-09,Olivia's Sports Bar and Grill ,Karaoke (9pm),Huntsville,Friday,Karaoke
9,11-Jul-09,Olivia's Sports Bar and Grill ,Karaoke (9pm),Huntsville,Saturday,Karaoke
10,12-Jul-09,Olivia's Sports Bar and Grill ,Karaoke (9pm),Huntsville,Sunday,Karaoke
13,15-Jul-09,Olivia's Sports Bar and Grill ,Karaoke (9pm),Huntsville,Wednesday,Karaoke
14,16-Jul-09,Olivia's Sports Bar and Grill ,Karaoke (9pm),Huntsville,Thursday,Karaoke
15,17-Jul-09,Olivia's Sports Bar and Grill ,Karaoke (9pm),Huntsville,Friday,Karaoke
16,18-Jul-09,Olivia's Sports Bar and Grill ,Karaoke (9pm),Huntsville,Saturday,Karaoke
17,19-Jul-09,Olivia's Sports Bar and Grill ,Karaoke (9pm),Huntsville,Sunday,Karaoke
20,22-Jul-09,Olivia's Sports Bar and Grill ,Karaoke (9pm),Huntsville,Wednesday,Karaoke
21,23-Jul-09,Olivia's Sports Bar and Grill ,Karaoke (9pm),Huntsville,Thursday,Karaoke
22,24-Jul-09,Olivia's Sports Bar and Grill ,Karaoke (9pm),Huntsville,Friday,Karaoke
23,25-Jul-09,Olivia's Sports Bar and Grill ,Karaoke (9pm),Huntsville,Saturday,Karaoke
0,2-Jul-09,Partner's,Karaoke,Huntsville,Thursday,Live Music
1,3-Jul-09,Partner's,Caberet Show (10:30),Huntsville,Friday,Live Music
2,4-Jul-09,Partner's  ,Blue Light 4th w/ DJ Sweet T,,Saturday,
5,7-Jul-09,Partner's,Karaoke w/ DJ Sweet T (9pm-2am),Huntsville,Tuesday,Karaoke
6,8-Jul-09,Partner's,College Night w/ DJ Sweet T,Huntsville,Wednesday,DJ
7,9-Jul-09,Partner's,Karaoke,Huntsville,Thursday,Karaoke
8,"July 10,2009",Partner's,Caberet Show (10:30),Huntsville,Friday,Live Music
9,11-Jul-09,Partner's,Pride of Kings show,Huntsville,Saturday,Live Music
12,14-Jul-09,Partner's,Karaoke w/ DJ Sweet T (9pm-2am),Huntsville,Tuesday,Karaoke
13,15-Jul-09,Partner's,College Night w/ DJ Sweet T,Huntsville,Wednesday,DJ
14,16-Jul-09,Partner's,Karaoke,Huntsville,Thursday,Karaoke
15,17-Jul-09,Partner's,Caberet Show (10:30),Huntsville,Friday,Karaoke
16,"July 18,2009",Partner's,Blast off Dance Party w/ Kyle,,Saturday,
19,21-Jul-09,Partner's,Karaoke w/DJ Sweet T ,,Tuesday,
20,"July 22,2009",Partner's,College Night w/ DJ Sweet T,,Wednesday,
21,23-Jul-09,Partner's,Karaoke,,Thursday,
22,"July 24,2009",Partner's,Caberet Show (10:30),,Friday,
23,25-Jul-09,Parnter's,Betty Roulette Show,,Saturday,
26,28-Jul-09,Parnter's,Karaoke w/DJ Sweet T ,,Tuesday,
27,29-Jul-09,Partner's,College Night w/ DJ Sweet T,,Wednesday,
28,30-Jul-09,Partner's,Karaoke,,Thursday,
29,"July 31,2009",Parnter's,Caberet Show (10:30),,Friday,
0,2-Jul-09,Philby's Pourhouse,Live Music,Huntsville,Thursday,Live Music
1,3-Jul-09,Philby's Pourhouse,Live Music,Huntsville,Friday,Live Music
2,4-Jul-09,Philby's Pourhouse,Live Music,Huntsville,Saturday,Live Music
5,7-Jul-09,Philby's Pourhouse,Chad Reeves,Huntsville,Tuesday,
7,9-Jul-09,Philby's Pourhouse,Live Music,Huntsville,Thursday,
8,10-Jul-09,Philby's Pourhouse,Live Music,Huntsville,Friday,Live Music
9,11-Jul-09,Philby's Pourhouse,Invetory Reduction Closing w/ Milestone,Huntsville,Saturday,Live Music
0,2-Jul-09,Sammy T's Music Hall,Lady's Night w/ DJ Keibot (9pm),,Thursday,
1,3-Jul-09,Sammy T's Music Hall,Friday Night 3 for all 9:00,Huntsville,Friday,Live Music
7,9-Jul-09,Sammy T's Music Hall,Lady's Night w/ DJ Keibot (9pm),,Thursday,
8,10-Jul-09,Sammy T's Music Hall,Friday Night 3 for all 9:00,Huntsville,Friday,Live Music
9,"July 11,2009",Sammy T's Music Hall,Downtown Summer Fest,,Saturday,
14,16-Jul-09,Sammy T's Music Hall,Lady's Night w/ DJ Keibot (9pm),HuntsvillThursda,Thursday,
15,17-Jul-09,Sammy T's Music Hall,Friday Night 3 for all 9:00,,Friday,
16,"July 18,2009",Sammy T's Music Hall,World Famous Chipendale Dancers,,Saturday,
21,23-Jul-09,Sammy T's Music Hall,Lady's Night w/ DJ Keibot (9pm),HuntsvillThursda,,
22,24-Jul-09,Sammy T's Music Hall,Friday Night 3 for all 9:00,,Friday,
23,25-Jul-09,Sammy T's Music Hall,Customer Appreciation Night at 9:00,,Saturday,
28,30-Jul-09,Sammy T's Music Hall,Lady's Night w/ DJ Keibot (9pm),,Thursday,
29,31-Jul-09,Sammy T's Music Hall,Friday Night 3 for all 9:00,,Friday,
30,1-Aug-09,Sammy T's Music Hall,Black eyed Susan,,Saturday,
1,3-Jul-09,Sandy's Roadhouse (Guntersville),Karaoke,Guntersville,Friday,Karaoke
2,4-Jul-09,Sandy's Roadhouse (Guntersville),Karaoke,Guntersville,Saturday,Karaoke
4,6-Jul-09,Sandy's Roadhouse (Guntersville),Karaoke,Guntersville,Monday,Karaoke
5,7-Jul-09,Sandy's Roadhouse (Guntersville),Karaoke Contest,Guntersville,Tuesday,Karaoke
6,8-Jul-09,Sandy's Roadhouse (Guntersville),Karaoke Contest,Guntersville,Wednesday,Karaoke
7,9-Jul-09,Sandy's Roadhouse (Guntersville),Karaoke Contest,Guntersville,Thursday,Karaoke
8,10-Jul-09,Sandy's Roadhouse (Guntersville),Karaoke,Guntersville,Friday,Karaoke
9,11-Jul-09,Sandy's Roadhouse (Guntersville),Karaoke,Guntersville,Saturday,
11,13-Jul-09,Sandy's Roadhouse (Guntersville),Karaoke,Guntersville,Monday,Karaoke
12,14-Jul-09,Sandy's Roadhouse (Guntersville),Karaoke Contest,Guntersville,Tuesday,Karaoke
13,15-Jul-09,Sandy's Roadhouse (Guntersville),Karaoke Contest,Guntersville,Wednesday,Karaoke
14,16-Jul-09,Sandy's Roadhouse (Guntersville),Karaoke Contest,Guntersville,Thursday,Karaoke
15,17-Jul-09,Sandy's Roadhouse (Guntersville),Karaoke,Guntersville,Friday,Karaoke
16,18-Jul-09,Sandy's Roadhouse (Guntersville),Karaoke,Guntersville,Saturday,Karaoke
18,20-Jul-09,Sandy's Roadhouse (Guntersville),Karaoke,Guntersville,Monday,Karaoke
19,21-Jul-09,Sandy's Roadhouse (Guntersville),Karaoke Contest,Guntersville,Tuesday,Karaoke
20,22-Jul-09,Sandy's Roadhouse (Guntersville),Karaoke Contest,Guntersville,Wednesday,Karaoke
21,23-Jul-09,Sandy's Roadhouse (Guntersville),Karaoke Contest,Guntersville,Thursday,Karaoke
22,24-Jul-09,Sandy's Roadhouse (Guntersville),Karaoke,Guntersville,Friday,Karaoke
23,25-Jul-09,Sandy's Roadhouse (Guntersville),Karaoke,Guntersville,Saturday,
0,2-Jul-09,Sportspage,5ive o'clock Charlie,Huntsville,Thursday,Live Music
1,3-Jul-09,Sportspage,Fat Mamma,Huntsville,Friday,Live Music
3,5-Jul-09,Sportspage,Live Music,,,
4,6-Jul-09,Sportspage,Dave Anderson,Huntsville,Monday,Live Music
5,7-Jul-09,Sportspage,Jonathan Carter,Huntsville,Tuesday,Live Music
6,8-Jul-09,Sportspage,Rob Aldridge,Huntsville,Wednesday,Live Music
7,9-Jul-09,Sportspage,5ive o'clock Charlie,Huntsville,Thursday,Live Music
8,10-Jul-09,Sportspage,Black Label,Huntsville,Friday,Live Music
9,11-Jul-09,Sportspage,Live Music,Huntsville,Saturday,Live Music
10,12-Jul-09,Sportspage,Tyler Stapp/Michael Barber,,,
11,13-Jul-09,Sportspage,David Anderson,Huntsville,Monday,Live Music
12,14-Jul-09,Sportspage,Jonathan Carter,Huntsville,Tuesday,Live Music
13,15-Jul-09,Sportspage,Rob Aldridge,Huntsville,Wednesday,Live Music
14,16-Jul-09,Sportspage,5 O'Clock Charlie ,Huntsville,Thursday,Live Music
15,17-Jul-09,Sportspage,Wayne Mills Band,Huntsville,Friday,Live Music
16,18-Jul-09,Sportspage,Radio Tremors,Huntsville,Saturday,Live Music
17,19-Jul-09,Sportspage,Mitch Mann,,,
18,20-Jul-09,Sportspage,David Anderson,Huntsville,Monday,Live Music
19,21-Jul-09,Sportspage,Jonathan Carter,Huntsville,Tuesday,Live Music
20,22-Jul-09,Sportspage,Rob Aldridge,Huntsville,Wednesday,Live Music
21,23-Jul-09,Sportspage,Dave Anderson,Huntsville,Thursday,Live Music
22,24-Jul-09,Sportspage,Highly Kind,Huntsville,Friday,Live Music
23,25-Jul-09,Sportspage,The Uglistick,,,
24,26-Jul-09,Sportspage,Donnie Cox,,,
0,2-Jul-09,The Brick (Decatur),Live Music,Decatur,Friday,Live Music
1,3-Jul-09,The Brick (Decatur),Highly Kind,Decatur,Saturday,Live Music
6,8-Jul-09,The Brick (Decatur),JC Carter,Decatur,Wednesday,Live Music
7,9-Jul-09,The Brick (Decatur),Live Music,Decatur,Thursday,Live Music
8,10-Jul-09,The Brick (Decatur),5ive o'clock Charlie,Decatur,Friday,Live Music
9,11-Jul-09,The Brick (Decatur),Big Tasties,,,
13,15-Jul-09,The Brick (Decatur),Mike Roberts,Decatur,Wednesday,Live Music
14,16-Jul-09,The Brick (Decatur),Microwave Dave and the Nukes,Decatur,Thursday,Live Music
15,17-Jul-09,The Brick (Decatur),Cheese Brokers,Decatur,Friday,Live Music
16,18-Jul-09,The Brick (Decatur),Bishop Black,,,
20,22-Jul-09,The Brick (Decatur),Austin Cunningham,Decatur,Wednesday,Live Music
21,23-Jul-09,The Brick (Decatur),Live Music,Decatur,Saturday,Live Music
22,24-Jul-09,The Brick (Decatur),Plato Jones,,,
23,25-Jul-09,The Brick (Decatur),Black Label,,,
27,29-Jul-09,The Brick (Decatur),Tim Tucker,,,
28,30-Jul-09,The Brick (Decatur),Live Music,,,
29,31-Jul-09,The Brick (Decatur),Roosevelt Franklin,,,
0,2-Jul-09,The Docks (Scottsboro),Trey Browder,Scottsboro,Thursday,Live Music
1,3-Jul-09,The Docks (Scottsboro),Ben Trussell Trio,Scottsboro,Friday,Live Music
7,9-Jul-09,The Docks (Scottsboro),Trey Browder,Scottsboro,Thursday,Live Music
8,10-Jul-09,The Docks (Scottsboro),Dave Anderson,Scottsboro,Friday,Live Music
14,16-Jul-09,The Docks (Scottsboro),Trey Browder,Scottsboro,Thursday,Live Music
15,17-Jul-09,The Docks (Scottsboro),Dave Anderson,Scottsboro,Friday,Live Music
16,18-Jul-09,The Docks (Scottsboro),Ben Trussell Trio,,,
21,23-Jul-09,The Docks (Scottsboro),Trey Browder,Scottsboro,Thursday,Live Music
22,24-Jul-09,The Docks (Scottsboro),Dave Anderson,Scottsboro,Friday,Live Music
23,25-Jul-09,The Docks (Scottsboro),King Berry,Scottsboro,Saturday,Live Music
28,"July 30,2009",The Docks (Scottsboro),Trey Browder,,,
29,"July 31,2009",The Docks (Scottsboro),Dave Anderson,,,
0,2-Jul-09,The Nook,Lightnin Hopkins,Huntsville,Thursday,Live Music
0,2-Jul-09,The Station,Radio Tron,Huntsville,Thursday,Live Music
1,3-Jul-09,The Station,Proton Joe,Huntsville,Friday,Live Music
2,4-Jul-09,The Station,Barefeet,,,
6,8-Jul-09,The Station,Susan's Crush,Huntsville,Saturday,Live Music
7,9-Jul-09,The Station,Within Reason,Huntsville,Wednesday,Live Music
8,10-Jul-09,The Station,Black eyed Susan,Huntsville,Friday,Live Music
13,15-Jul-09,The Station,Crush,Huntsville,Wednesday,Live Music
14,16-Jul-09,The Station,Radio Tron,Huntsville,Thursday,Live Music
15,17-Jul-09,The Station,Naked Eskimos,Huntsville,Friday,Live Music
16,18-Jul-09,The Station,Handshake Promis,,,
20,22-Jul-09,The Station,Red Letter,Huntsville,Saturday,Live Music
21,23-Jul-09,The Station,Trip Case,Huntsville,Sunday,Live Music
22,24-Jul-09,The Station,Booty Shakers,Huntsville,Monday,Live Music
23,25-Jul-09,The Station,Swag,Huntsville,Friday,Live Music
27,29-Jul-09,The Station,Big Daddy King Fish,,,
29,"July 31,2009",The Station,Black Label,,,
0,2-Jul-09,Voodoo Lounge Bar and Grill,Open Mic Night w/ Ben Trussell,Huntsville,ThursdayLive Music,
1,3-Jul-09,Voodoo Lounge Bar and Grill,Live Music,Huntsville,Friday,Live Music
2,4-Jul-09,Voodoo Lounge Bar and Grill,Karaoke w/ DJ Brandon Mac,Huntsville,Saturday,Live Music
3,5-Jul-09,Voodoo Lounge Bar and Grill,Live Music,,Sunday,
5,7-Jul-09,Voodoo Lounge Bar and Grill,Dave Anderson,Huntsville,Tuesday,Live Music
6,8-Jul-09,Voodoo Lounge Bar and Grill,James Irvin,Huntsville,Wednesday,Live Music
7,9-Jul-09,Voodoo Lounge Bar and Grill,Open Mic Night w/Ben Trussell,Huntsville,Thursday,Live Music
8,10-Jul-09,Voodoo Lounge Bar and Grill,Live Music,,Friday,
9,11-Jul-09,Voodoo Lounge Bar and Grill,Live Music,Huntsville,Saturday,Live Music
10,12-Jul-09,Voodoo Lounge Bar and Grill,James Irvin,Huntsville,Sunday,Live Music
12,14-Jul-09,Voodoo Lounge Bar and Grill,Open Mic Night w/Ben Trussell,Huntsville,Tuesday,Live Music
13,15-Jul-09,Voodoo Lounge Bar and Grill,Live Music,Huntsville,Wednesday,
14,16-Jul-09,Voodoo Lounge Bar and Grill,Live Music,Huntsville,Thursday,Live Music
15,17-Jul-09,Voodoo Lounge Bar and Grill,Live Music,Huntsville,Friday,Live Music
16,"July 18,2009",Voodoo Lounge Bar and Grill,Karaoke w/ DJ Brandon Mac,Huntsville,Saturday,Karaoke
17,19-Jul-09,Voodoo Lounge Bar and Grill,Dave Anderson,Huntsville,Sunday,Live Music
19,21-Jul-09,Voodoo Lounge Bar and Grill,James Irvin,Huntsville,Tuesday,Live Music
20,22-Jul-09,Voodoo Lounge Bar and Grill,Open Mic Night w/Ben Trussell,Huntsville,Wednesday,Live Music
21,23-Jul-09,Voodoo Lounge Bar and Grill,Live Music,Huntsville,Thursday,Live Music
22,24-Jul-09,Voodoo Lounge Bar and Grill,Live Music,Huntsville,Friday,Live Music
23,25-Jul-09,Voodoo Lounge Bar and Grill,Live Music,Huntsville,Saturday,Live Music